MonLoc_ID,EPA_TYPE,AWQMS_TYPE,BEN_CLASS,NAME,NAD83UTM_X,NAD83UTM_Y,LONNAD83DD,LATNAD83DD,WS_type,WS_Name,Load_WS,Load_toUL,RASTERVALU
4994930,River/Stream,River/Stream,,UNNAMED STREAM 2MI SSW OF LEHI,427247.00000000000,4468555.00000000000,-111.85687800000,40.36439400000,Direct,Spring Creek,Yes,Yes,1374
4994940,River/Stream,River/Stream,3E       6,UNNAMED STREAM 2.2MI W OF AM FK & 2MI W OF LEHI,427884.00000000000,4468549.00000000000,-111.84937500000,40.36439500000,Direct,Spring Creek,Yes,Yes,1371
4994950,River/Stream,River/Stream,2B 3A     4,SPRING CK BL LEHI MILL POND,429067.00000000000,4469000.00000000000,-111.83549400000,40.36855900000,Direct,Spring Creek,Yes,Yes,1373
4994960,River/Stream,River/Stream,2B  3B    4,AMERICAN FK CK 2.5MI S OF AM FK CITY,431879.00000000000,4466168.00000000000,-111.80207300000,40.34328200000,Majore Trib,American Fork River,Yes,Yes,1372
4995125,River/Stream,River/Stream,2B  3B    4,Lindon Drain ab Lakeside Power Plant,435975.00000000000,4464492.00000000000,-111.75368200000,40.32850800000,Direct,Lindon Drain,Yes,Yes,1378
4995190,River/Stream,River/Stream,2B  3B  3D  4,UNNAMED CK 1.5MI W OF GENEVA STEEL,434791.00000000000,4462627.00000000000,-111.76742800000,40.31161600000,Direct,Geneva,Yes,Yes,1331
4995210,River/Stream,River/Stream,2B   3C 3D,Powell Slough WMA North Outfall to Utah Lake,436825.00000000000,4457471.00000000000,-111.74298400000,40.26532400000,Major Trib,Powell Slough,Yes,Yes,1331
4995230,River/Stream,River/Stream,2B   3C 3D,Powell Slough WMA South Outfall to Utah Lake,436959.00000000000,4457205.00000000000,-111.74138200000,40.26293800000,Major Trib,Powell Slough,Yes,Yes,1331
4995240,River/Stream,River/Stream,2B   3C 3D,UNNAMED CK 3MI S OF GENEVA STEEL (POWELL SLOUGH TO UTAH L),437085.00000000000,4457489.00000000000,-111.73992800000,40.26550600000,Direct,Powell Slough,Yes,Yes,1331
4995258,River/Stream,River/Stream,2B   3C 3D,Powell Slough Site 3-WLA,436951.00000000000,4457780.00000000000,-111.74153000000,40.26811400000,Direct,Powell Slough,Yes,Yes,1331
4995259,River/Stream,River/Stream,2B   3C 3D,Powell Slough Tributary 4-WLA,436989.00000000000,4457771.00000000000,-111.74108900000,40.26803900000,Direct,Powell Slough,Yes,Yes,1331
4995310,River/Stream,River/Stream,2B  3B    4,CURRANT CK AT US6 XING 1.5MI W OF GOSHEN,420250.00000000000,4422896.00000000000,-111.93362700000,39.95244200000,Majore Trib,Currant Creek,Yes,Yes,1395
4995580,River/Stream,River/Stream,2B  3B  3D  4,SPANISH FORK R AB UTAH L (LAKESHORE),438081.00000000000,4444688.00000000000,-111.72698200000,40.15025900000,Majore Trib,Spanish Fork River,Yes,Yes,1375
4996040,River/Stream,River/Stream,2B  3B  3D  4,Dry Ck Near Utah Lake-WLA,442869.00000000000,4448061.00000000000,-111.67106400000,40.18098600000,Major Trib,Dry Creek - Spanish Fork,Yes,Yes,1331
4996100,River/Stream,River/Stream,2B 3A     4,HOBBLE CK AT I-15 BDG 3MI S OF PROVO,444955.00000000000,4448363.00000000000,-111.64659400000,40.18384500000,Majore Trib,Hobble Creek,Yes,Yes,1374
4996540,River/Stream,River/Stream,2B  3B    4,MILL RACE CREEK AT I-15 CROSSING (2 MI S PROVO COURTHOUSE),444152.00000000000,4450505.00000000000,-111.65621200000,40.20308900000,Majore Trib,Mill Race,Yes,Yes,1372
4996565,River/Stream,River/Stream,2B  3B    4,PROVO STATION 5-WLA,444263.00000000000,4450591.00000000000,-111.65491700000,40.20387200000,Majore Trib,Mill Race,Yes,Yes,1372
4996566,River/Stream,River/Stream,2B  3B    4,PROVO STATION 6-WLA,444369.00000000000,4450394.00000000000,-111.65365600000,40.20210000000,Majore Trib,Hobble Creek,Yes,Yes,1373
4996630,River/Stream,River/Stream,2B  3B    4,MILL RACE CREEK AT MOUTH,444238.00000000000,4450496.00000000000,-111.65520100000,40.20301400000,Majore Trib,Mill Race,Yes,Yes,1372
4996680,River/Stream,River/Stream,2B 3A     4,PROVO R. AT CENTER ST XING EAST OF UTAH LAKE BOAT HARBOR,437767.00000000000,4454308.00000000000,-111.73159900000,40.23690000000,Majore Trib,Provo River,Yes,Yes,1372
4996690,River/Stream,River/Stream,2B 3A     4,PROVO R AT U114 XING,440864.00000000000,4454406.00000000000,-111.69520300000,40.23800700000,Majore Trib,Provo River,Yes,Yes,1379
4996710,River/Stream,River/Stream,2B 3A     4,DUPLICATE OF 4996690,440929.00000000000,4454411.00000000000,-111.69443900000,40.23805700000,Majore Trib,Provo River,Yes,Yes,1380
5919850,River/Stream,River/Stream,2B  3B    4,BENJAMIN SLOUGH AT 6400 SOUTH,432447.00000000000,4440725.00000000000,-111.79270900000,40.11412300000,Majore Trib,Benjamine Slough,Yes,Yes,1371
5919860,River/Stream,River/Stream,2B  3B    4,BEER CK AB UTAH LAKE,432424.00000000000,4440756.00000000000,-111.79298200000,40.11440100000,Majore Trib,Benjamine Slough,Yes,Yes,1370
4915000,Canal-Irrigation,Canal Irrigation,2B     3E 4,PROVO-JORDAN CANAL AT JORDAN NARROWS,447032.00000000000,4464443.00000000000,-111.62352600000,40.32884200000,Majore Trib,Provo River,,,1518
4916310,Facility Industrial,Facility Other,,US STEEL GENEVA PIPEMILL WWTP,437287.00000000000,4464703.00000000000,-111.73825900000,40.33050900000,Direct,Lindon Drain,,,1395
4917300,Lake,Lake,2B  3B  3D  4,UTAH LAKE 300 FT OFFSHORE FROM GENEVA STEEL,434776.00000000000,4463645.00000000000,-111.76770800000,40.32078500000,Utah Lake Open Water,Utah Lake,,,1331
4917310,Lake,Lake,2B  3B  3D  4,UTAH LAKE 0.5 MI W OF GENEVA DISCHARGE #15-A,433941.00000000000,4463662.00000000000,-111.77753800000,40.32087300000,Utah Lake Open Water,Utah Lake,,,1331
4917320,Lake,Lake,2B  3B  3D  4,UTAH LAKE 0.5 MI W OF GENEVA DISCHARGE #15-B (4917310 Duplicate),433941.00000000000,4463662.00000000000,-111.77753800000,40.32087300000,Utah Lake Open Water,Utah Lake,,,1331
4917330,Lake,Lake,2B  3B  3D  4,UTAH LAKE 5MI N/NW OF LINCOLN BEACH/ 1 MI OFFSHORE,427459.00000000000,4451378.00000000000,-111.85243500000,40.20967600000,Utah Lake Open Water,Utah Lake,,,1331
4917333,Reservoir,Lake,2B  3B  3D  4,Utah Lake @ Lindon Beach,434990.00000000000,4464607.00000000000,-111.76529000000,40.32947000000,Utah Lake Open Water,Utah Lake,,,1331
4917340,Lake,Lake,2B  3B  3D  4,UTAH LAKE W OF PROVO BOAT HARBOR/6 MI N OF LINCOLN BEACH #08,431500.00000000000,4453776.00000000000,-111.80520900000,40.23161800000,Utah Lake Open Water,Utah Lake,,,1331
4917370,Lake,Lake,2B  3B  3D  4,UTAH LAKE 1 MI EAST OF PELICAN POINT,429435.00000000000,4457865.00000000000,-111.82993000000,40.26828300000,Utah Lake Open Water,Utah Lake,,,1331
4917380,Lake,Lake,2B  3B  3D  4,UTAH LAKE 0.5 MI S OF AMERICAN FORK BOAT HARBOR #14,431910.00000000000,4465089.00000000000,-111.80159300000,40.33356500000,Utah Lake Open Water,Utah Lake,,,1331
4917390,Lake,Lake,2B  3B  3D  4,UTAH LAKE 1 MI WEST OF PROVO BOAT HARBOR,434956.00000000000,4454362.00000000000,-111.76464700000,40.23717300000,Utah Lake Open Water,Utah Lake,,,1331
4917400,Lake,Lake,2B  3B  3D  4,UTAH LAKE 1.5 MI NW OF PROVO BOAT HARBOR #16,434789.00000000000,4456923.00000000000,-111.76687100000,40.26023100000,Utah Lake Open Water,Utah Lake,,,1331
4917410,Lake,Lake,2B  3B  3D  4,UTAH LAKE 1 MI NE OF PELICAN POINT #10,428889.00000000000,4460060.00000000000,-111.83659500000,40.28801000000,Utah Lake Open Water,Utah Lake,,,1331
4917420,Lake,Lake,2B  3B  3D  4,UTAH LAKE 1 MI SE OF PELICAN POINT #09,429015.00000000000,4455896.00000000000,-111.83465200000,40.25050900000,Utah Lake Open Water,Utah Lake,,,1331
4917433,Reservoir,Lake,2B  3B  3D  4,Utah Lake SP @ Marina,437154.00000000000,4454483.00000000000,-111.73882600000,40.23842800000,Utah Lake Open Water,Utah Lake,,,1331
4917435,Reservoir,Lake,2B  3B  3D  4,Utah Lake @ Day Use Area,437244.00000000000,4454932.00000000000,-111.73781200000,40.24248600000,Utah Lake Open Water,Utah Lake,,,1331
4917450,Lake,Lake,2B  3B  3D  4,UTAH LAKE AT MIDDLE OF PROVO BAY,440419.00000000000,4448985.00000000000,-111.69993100000,40.18913900000,Utah Lake Open Water,Utah Lake,,,1331
4917470,Lake,Lake,2B  3B  3D  4,UTAH LAKE AT  MIXING ZONE-WLA,442571.00000000000,4448770.00000000000,-111.67463300000,40.18735000000,Utah Lake Open Water,Utah Lake,,,1331
4917500,Lake,Lake,2B  3B  3D  4,UTAH LAKE 3 MI WNW OF LINCOLN BEACH,425784.00000000000,4446954.00000000000,-111.87160600000,40.16967600000,Utah Lake Open Water,Utah Lake,,,1331
4917510,Lake,Lake,2B  3B  3D  4,UTAH LAKE 4 MI E OF SARATOGA SPRINGS #11,428645.00000000000,4466784.00000000000,-111.84021600000,40.34856100000,Utah Lake Open Water,Utah Lake,,,1331
4917520,Lake,Lake,2B  3B  3D  4,UTAH LAKE 2 MI E OF SARATOGA SPRINGS #12,425996.00000000000,4466100.00000000000,-111.87132600000,40.34216900000,Utah Lake Open Water,Utah Lake,,,1331
4917530,Lake,Lake,2B  3B  3D  4,UTAH LAKE 0.7 MI EAST OF PELICAN POINT,428821.00000000000,4457871.00000000000,-111.83715200000,40.26828500000,Utah Lake Open Water,Utah Lake,,,1331
4917600,Lake,Lake,2B  3B  3D  4,UTAH LAKE GOSHEN BAY SOUTHWEST END,425428.00000000000,4434809.00000000000,-111.87438400000,40.06023500000,Utah Lake Open Water,Utah Lake,,,1331
4917620,Lake,Lake,2B  3B  3D  4,UTAH LAKE GOSHEN BAY MIDWAY OFF MAIN POINT ON EAST SHORE,424650.00000000000,4437591.00000000000,-111.88382900000,40.08522800000,Utah Lake Open Water,Utah Lake,,,1331
4917700,Lake,Lake,2B  3B  3D  4,UTAH LAKE 2.5 MI NE OF LINCOLN POINT #02,435315.00000000000,4446651.00000000000,-111.75965100000,40.16773500000,Utah Lake Open Water,Utah Lake,,,1331
4917710,Lake,Lake,2B  3B  3D  4,UTAH LAKE 1 MI NE OF LINCOLN POINT #03,432608.00000000000,4445564.00000000000,-111.79132600000,40.15772900000,Utah Lake Open Water,Utah Lake,,,1331
4917770,Lake,Lake,2B  3B  3D  4,UTAH LAKE  OUTSIDE ENTRANCE TO PROVO BAY,437747.00000000000,4448943.00000000000,-111.73131400000,40.18856700000,Utah Lake Open Water,Utah Lake,,,1331
4993000,Canal,Canal Transport,2B     3E,UNKNOWN CANAL BL MILL POND,428805.00000000000,4470041.00000000000,-111.83869700000,40.37791300000,Direct,Spring Creek,,,1379
4994720,River/Stream,River/Stream,1C  2B  3B    4,JORDAN R AT NARROWS - PUMP STATION,421741.00000000000,4477299.00000000000,-111.92279400000,40.44266100000,Below Outlet,Jordan River,,,1331
4994725,River/Stream,River/Stream,1C  2B  3B    4,DUPLICATE OF 4994720,421741.00000000000,4477299.00000000000,-111.92279400000,40.44266100000,Below Outlet,Jordan River,,,1331
4994740,Canal-Drainage,Canal Drainage,2B     3E,REFRACTORY DRAIN AB CNFL/ JORDAN RIVER,424377.00000000000,4473980.00000000000,-111.89132100000,40.41300700000,Below Outlet,Jordan River,,,1375
4994750,Facility Industrial,Facility Other,,LEHI COGENERATION FACILITY OF BONNEVILLE PACIFIC CORP.,425808.00000000000,4473287.00000000000,-111.87437500000,40.40689400000,Below Outlet,Jordan River,,,1387
4994760,Canal-Drainage,Canal Drainage,2B     3E,LEHI WASTE DITCH AB CNFL/ JORDAN RIVER,423244.00000000000,4471524.00000000000,-111.90437700000,40.39078000000,Below Outlet,Jordan River,,,1371
4994770,Canal-Drainage,Canal Drainage,2B     3E,DRAIN NORTH AND PARALLEL TO 4-73 AB CNFL/ JORDAN RIVER,423215.00000000000,4471000.00000000000,-111.90465500000,40.38605700000,Below Outlet,Jordan River,,,1373
4994790,River/Stream,River/Stream,1C  2B  3B    4,JORDAN R AT UTAH L OUTLET U121 XING,423708.00000000000,4468208.00000000000,-111.89851400000,40.36095200000,Below Outlet,Jordan River,,,1331
4994800,Facility Industrial,Facility Other,,Saratoga Springs 001,423220.00000000000,4466868.00000000000,-111.90409900000,40.34883600000,Direct,Saratoga Springs,,,1370
4994850,River/Stream,River/Stream,2B 3A     4,CHIPMAN CK (ALPINE UT) BL USFS BOUNDARY,435567.00000000000,4481523.00000000000,-111.76020800000,40.48189900000,Majore Trib,Dry Creek - Saratoga,,,1677
4994852,River/Stream,River/Stream,2B 3A     4,Dry Ck ab CNFL/ Chipman Ck (Alpine),436376.00000000000,4481732.00000000000,-111.75068500000,40.48384400000,Majore Trib,Dry Creek - Saratoga,,,1728
4994870,Facility Industrial,Facility Other,,GENERAL REFACTORIES,426335.00000000000,4474207.00000000000,-111.86827200000,40.41522800000,Below Outlet,Jordan River,,,1396
4994964,Lake,Lake,2B  3B    4,Highland Glen Reservoir,433693.00000000000,4474243.00000000000,-111.78156100000,40.41617500000,Majore Trib,American Fork River,,,1474
4994966,Lake,Lake,2B  3B    4,Highland Glen Reservoir South End,433667.00000000000,4474145.00000000000,-111.78184700000,40.41528900000,Majore Trib,American Fork River,,,1473
4994968,Lake,Lake,2B  3B    4,Manila Creek Pond southwest shore,436201.00000000000,4472257.00000000000,-111.75179900000,40.39847400000,Direct,Lindon Drain,,,1457
4994970,Spring,Spring,2B 3A     4,HANSEN CAVE SPRING IN TIMPANOGOS CAVE NM,439653.00000000000,4476570.00000000000,-111.71153300000,40.43758700000,Majore Trib,American Fork River,,,2104
4994980,River/Stream,River/Stream,2B 3A     4,AMERICAN FORK RIVER AT MOUTH OF CANYON,436320.00000000000,4475966.00000000000,-111.75076700000,40.43189800000,Majore Trib,American Fork River,Yes,,1576
4994983,River/Stream,River/Stream,2B 3A     4,S FK AMERICAN FK R 1/2 MILE ABOVE MUTUAL DELL,445720.00000000000,4477280.00000000000,-111.64006400000,40.44440100000,Majore Trib,American Fork River,,,2044
4994985,River/Stream,River/Stream,2B 3A     4,S.FK. AMERICAN FK. RIVER BL TIMPOONEKE GUARD STATION,446032.00000000000,4476109.00000000000,-111.63628500000,40.43387300000,Majore Trib,American Fork River,,,2220
4994990,River/Stream,River/Stream,2B 3A     4,N FK AMERICAN FK R AB CNFL/ S FK,443881.00000000000,4478588.00000000000,-111.66186300000,40.45606200000,Majore Trib,American Fork River,,,1916
4995000,River/Stream,River/Stream,2B 3A     4,MARY ELLEN GULCH AB CNFL W/ N. FK OF AMERICAN FK,446940.00000000000,4487486.00000000000,-111.62653300000,40.53642100000,Majore Trib,American Fork River,,,2606
4995038,Wetland Undifferentiated,Wetland Undifferentiated,,Timpanogos Effluent below constructed duck ponds,434031.00000000000,4465902.00000000000,-111.77671000000,40.34105900000,Direct,Timp SSD,,,1373
4995040,Facility Municipal Sewage,Facility Other,,TIMPANOGOS WWTP,433993.00000000000,4465841.00000000000,-111.77715100000,40.34050600000,Direct,Timp SSD,,,1372
4995080,Canal-Drainage,Canal Drainage,2B     3E,PLEASANT GROVE WASTE DITCH 3MI SE OF AMERICAN FK CITY,435496.00000000000,4465026.00000000000,-111.75937400000,40.33328200000,Direct,Lindon Drain,,,1372
4995090,Canal-Drainage,Canal Drainage,2B     3E,LINDON HOLLOW DRAIN BL PLEASANT GROVE WWTP,435817.00000000000,4466689.00000000000,-111.75576200000,40.34828800000,Direct,Lindon Drain,,,1376
4995100,Facility Municipal Sewage,Facility Other,,PLEASANT GROVE WWTP,436033.00000000000,4467180.00000000000,-111.75326800000,40.35272800000,Direct,Lindon Drain,,,1378
4995110,Canal-Drainage,Canal Drainage,2B     3E,LINDON HOLLOW DRAIN AB PLEASANT GROVE WWTP,435821.00000000000,4467120.00000000000,-111.75575900000,40.35217100000,Direct,Lindon Drain,,,1377
4995120,Canal-Drainage,Canal Drainage,2B     3E,LINDON DRAIN AT CO RD XING AB UTLAKE,435449.00000000000,4464996.00000000000,-111.75992400000,40.33300800000,Direct,Lindon Drain,,,1372
4995123,Facility Industrial,Facility Other,,Lakeside Power Plant 001,435823.00000000000,4464592.00000000000,-111.75548100000,40.32939800000,Direct,Lindon Drain,,,1376
4995150,Facility Industrial,Facility Other,,Geneva Steel 004 WWTP,436254.00000000000,4462553.00000000000,-111.75020400000,40.31106200000,Direct,Geneva Cooling Pond,,,1380
4995160,Facility Industrial,Facility Other,,Geneva Steel 005 COKE PLANT BIOTP,436993.00000000000,4463472.00000000000,-111.74159900000,40.31939700000,Direct,Geneva Cooling Pond,,,1387
4995200,Facility Industrial,Facility Other,,US Steel Geneva 001 to Utah Lake,435500.00000000000,4462714.00000000000,-111.75909300000,40.31245500000,Direct,Geneva Cooling Pond,,,1378
4995220,Facility Industrial,Facility Other,,D & I STEEL CO EFFLUENT 001,435565.00000000000,4462718.00000000000,-111.75832900000,40.31249600000,Direct,Geneva Cooling Pond,,,1378
4995250,Facility Municipal Sewage,Facility Other,,OREM WWTP,437143.00000000000,4458815.00000000000,-111.73937600000,40.27745500000,Direct,Powell Slough,,,1374
4995251,River/Stream,River/Stream,2B  3B    4,Orem WRF GW OUTFALL-WLA,436748.00000000000,4458754.00000000000,-111.74401300000,40.27687500000,Direct,Powell Slough,Yes,,1372
4995252,River/Stream,River/Stream,2B  3B    4,Clegg's Pond OUTFALL-WLA,436700.00000000000,4458774.00000000000,-111.74458300000,40.27705400000,Direct,Powell Slough,Yes,,1370
4995253,River/Stream,River/Stream,2B   3C 3D,Powell Slough Tributary 1-WLA,436488.00000000000,4458572.00000000000,-111.74705900000,40.27521800000,Direct,Powell Slough,Yes,,1331
4995254,River/Stream,River/Stream,2B   3C 3D,Powell Slough Tributary 2-WLA,436473.00000000000,4458391.00000000000,-111.74721300000,40.27358600000,Direct,Powell Slough,Yes,,1331
4995255,River/Stream,River/Stream,2B   3C 3D,Powell Slough Site 1-WLA,436445.00000000000,4458358.00000000000,-111.74753800000,40.27328400000,Direct,Powell Slough,Yes,,1331
4995256,River/Stream,River/Stream,2B   3C 3D,Powell Slough Site 2-WLA,436563.00000000000,4458042.00000000000,-111.74611800000,40.27044400000,Direct,Powell Slough,Yes,,1331
4995257,River/Stream,River/Stream,2B   3C 3D,Powell Slough Tributary 3-WLA,436676.00000000000,4458039.00000000000,-111.74479700000,40.27042800000,Direct,Powell Slough,Yes,,1331
4995260,River/Stream,River/Stream,2B   3C 3D,POWELL SLOUGH AB OREM WWTP,436791.00000000000,4459095.00000000000,-111.74354400000,40.27995100000,Direct,Powell Slough,Yes,,1371
4995290,River/Stream,River/Stream,2B  3B    4,KIMBALL CK 1.25 MI S OF HANCOCK RANCH AT FLUME,412833.00000000000,4408702.00000000000,-112.01855000000,39.82384300000,Majore Trib,Currant Creek,,,1672
4995320,River/Stream,River/Stream,2B 3A     4,CURRANT CK BL MONA RES AT MOUTH OF CANYON,423013.00000000000,4418521.00000000000,-111.90076800000,39.91328400000,Majore Trib,Currant Creek,Yes,,1428
4995330,Facility Industrial,Facility Other,,NEPHI RUBBER PRODUCTS 001,427874.00000000000,4397600.00000000000,-111.84159600000,39.72523300000,Majore Trib,Currant Creek,,,1554
4995340,River/Stream,River/Stream,3C   4,WEST CK @ U132 XING,422785.00000000000,4395892.00000000000,-111.90077000000,39.70939900000,Majore Trib,Currant Creek,,,1521
4995350,River/Stream,River/Stream,2B 3A     4,SALT CREEK AT CANYON MOUTH AB QUARRY,430909.00000000000,4396185.00000000000,-111.80603800000,39.71273600000,Majore Trib,Currant Creek,,,1610
4995355,River/Stream,River/Stream,2B 3A     4,SALT CK BL SALT CANYON E OF QUARRY,432034.00000000000,4396314.00000000000,-111.79292800000,39.71398800000,Majore Trib,Currant Creek,,,1636
4995356,River/Stream,River/Stream,2B 3A     4,SALT CK AB BEAR CANYON CAMPGROUND,437150.00000000000,4404576.00000000000,-111.73403600000,39.78881700000,Majore Trib,Currant Creek,,,2043
4995357,River/Stream,River/Stream,2B 3A     4,Salt Ck 1.5 miles AB mouth of Canyon,432589.00000000000,4396316.00000000000,-111.78645300000,39.71405000000,Majore Trib,Currant Creek,,,1652
4995360,River/Stream,River/Stream,2B 3A     4,SALT CREEK AT USFS BNDRY,437857.00000000000,4397483.00000000000,-111.72510900000,39.72496400000,Majore Trib,Currant Creek,,,1782
4995362,River/Stream,River/Stream,2B 3A     4,SALT CK AB JENKINS FLAT INTERP SITE,438260.00000000000,4398250.00000000000,-111.72047900000,39.73190400000,Majore Trib,Currant Creek,,,1799
4995365,River/Stream,River/Stream,2B 3A     4,SALT CK .5 MI AB MOUTH OF POLE CANYON,439117.00000000000,4400420.00000000000,-111.71068000000,39.75151600000,Majore Trib,Currant Creek,,,1856
4995370,River/Stream,River/Stream,2B 3A     4,POLE CYN CK AB CORRAL NR MOUTH,439223.00000000000,4399660.00000000000,-111.70937200000,39.74467700000,Majore Trib,Currant Creek,,,1842
4995375,River/Stream,River/Stream,2B 3A     4,SALT CK AT PONDEROSA CAMPGROUND,438922.00000000000,4401889.00000000000,-111.71309200000,39.76473700000,Majore Trib,Currant Creek,,,1900
4995380,River/Stream,River/Stream,2B 3A     4,SALT CK AB CNFL/ RED CK,439080.00000000000,4401619.00000000000,-111.71122300000,39.76231600000,Majore Trib,Currant Creek,,,1889
4995385,River/Stream,River/Stream,2B 3A     4,SALT CK AB COTTONWOOD CAMPGROUND,437664.00000000000,4404280.00000000000,-111.72800500000,39.78618800000,Majore Trib,Currant Creek,,,2043
4995390,River/Stream,River/Stream,2B 3A     4,HOP CREEK AB CNFL/ SALT CREEK,438502.00000000000,4395843.00000000000,-111.71743000000,39.71023500000,Majore Trib,Currant Creek,,,1804
4995400,River/Stream,River/Stream,2B   3C   4,BEER CK BL PAYSON WWTP,436560.00000000000,4437143.00000000000,-111.74409700000,40.08217400000,Majore Trib,Benjamine Slough,Yes,,1378
4995401,River/Stream,River/Stream,2B   3C   4,Beer Ck Upstream-WLA,437342.00000000000,4437013.00000000000,-111.73491700000,40.08105800000,Majore Trib,Benjamine Slough,Yes,,1377
4995405,River/Stream,River/Stream,2B   3C   4,Beer Ck Mixing Zone-WLA,437286.00000000000,4437018.00000000000,-111.73557200000,40.08110600000,Majore Trib,Benjamine Slough,Yes,,1378
4995408,River/Stream,River/Stream,2B   3C   4,Beer Ck AB Diversion-WLA,436606.00000000000,4437184.00000000000,-111.74355600000,40.08254200000,Majore Trib,Benjamine Slough,Yes,,1378
4995410,Facility Municipal Sewage,Facility Other,,PAYSON WWTP,437540.00000000000,4435255.00000000000,-111.73242400000,40.06523600000,Majore Trib,Benjamine Slough,,,1388
4995420,River/Stream,River/Stream,2B   3C   4,BEER CK AB PAYSON WWTP AT U115 XING,437673.00000000000,4437134.00000000000,-111.73104300000,40.08217600000,Majore Trib,Benjamine Slough,Yes,,1378
4995421,River/Stream,River/Stream,2B   3C   4,Beer Ck Tributary 1 BL RR tracks-WLA,437248.00000000000,4435653.00000000000,-111.73588900000,40.06880600000,Majore Trib,Benjamine Slough,Yes,,1385
4995430,River/Stream,River/Stream,2B   3C   4,BEER CK 1000FT BL SALEM WWTP AB PAYSON WWTP,441421.00000000000,4434792.00000000000,-111.68687300000,40.06134600000,Majore Trib,Benjamine Slough,Yes,,1385
4995440,Facility Municipal Sewage,Facility Other,,SALEM WWTP,441487.00000000000,4435849.00000000000,-111.68619500000,40.07087300000,Majore Trib,Benjamine Slough,,,1382
4995450,River/Stream,River/Stream,2B   3C   4,BEER CK AB SALEM WWTP,441513.00000000000,4434452.00000000000,-111.68576300000,40.05828900000,Majore Trib,Benjamine Slough,Yes,,1388
4995452,River/Stream,River/Stream,2B   3C   4,Beer Ck Tributary 2 AB confl-WLA,437311.00000000000,4437009.00000000000,-111.73527800000,40.08102200000,Majore Trib,Benjamine Slough,Yes,,1378
4995460,River/Stream,River/Stream,2B   3C   4,BEER CK (L-FK) AB SALEM WWTP,441666.00000000000,4435838.00000000000,-111.68409500000,40.07078600000,Majore Trib,Benjamine Slough,Yes,,1383
4995470,River/Stream,River/Stream,2B  3B    4,Beer CK @ U-147 Xing,433873.00000000000,4438899.00000000000,-111.77579000000,40.09778600000,Majore Trib,Benjamine Slough,Yes,,1373
4995480,Facility Industrial,Facility Other,,PAYSON POWER PROJECT OUTFALL,437540.00000000000,4435256.00000000000,-111.73241700000,40.06525000000,Majore Trib,Benjamine Slough,Yes,,1388
4995490,Facility Municipal Sewage,Facility Other,,Salem WWTP 002,441314.00000000000,4436273.00000000000,-111.68826200000,40.07468000000,Majore Trib,Benjamine Slough,,,1383
4995506,Lake,Lake,2B 3A     4,Maple Dell BSA Pond west side,440633.00000000000,4424913.00000000000,-111.69520600000,39.97229300000,Majore Trib,Benjamine Slough,,,1723
4995510,River/Stream,River/Stream,2B 3A     4,PETEETNEET CK AB MAPLE DELL CMPGD,440850.00000000000,4424874.00000000000,-111.69266300000,39.97195200000,Majore Trib,Benjamine Slough,,,1708
4995520,River/Stream,River/Stream,2B 3A     4,PEETNEET CK NR MAPLE BENCH CAMPGROUND,440828.00000000000,4424518.00000000000,-111.69289000000,39.96874000000,Majore Trib,Benjamine Slough,,,1733
4995525,Lake,Lake,2B 3A     4,Payson Lake at southwest beach,445087.00000000000,4420537.00000000000,-111.64268100000,39.93316700000,Majore Trib,Benjamine Slough,,,2402
4995530,River/Stream,River/Stream,2B 3A     4,SUMMIT CK AB CNFL LOWER WATER HOLLOW,434907.00000000000,4420295.00000000000,-111.76179500000,39.93026400000,Majore Trib,Currant Creek,,,1744
4995540,River/Stream,River/Stream,2B 3A     4,SUMMIT CK (SANTAQUIN CANYON) AB OLD NFS BNDY,433752.00000000000,4422090.00000000000,-111.77549300000,39.94634600000,Majore Trib,Currant Creek,,,1630
4995570,Facility Industrial,Facility Other,,ENSIGN-BICKFORD SPANISH FORK,450569.00000000000,4438735.00000000000,-111.57991400000,40.09745500000,Majore Trib,Spanish Fork River,,,1479
4995585,River/Stream,River/Stream,2B  3B  3D  4,SPANISH FK R. APPROX. 1 MILE AB GAGING STATION ON U77,439658.00000000000,4443296.00000000000,-111.70833800000,40.13783300000,Majore Trib,Spanish Fork River,Yes,,1377
4995590,Facility Industrial,Facility Other,,ENSIGN-BICKFORD CO 001,450723.00000000000,4444315.00000000000,-111.57853400000,40.14773500000,Majore Trib,Hobble Creek,,,1444
4995597,River/Stream,River/Stream,2B  3B  3D  4,SPANISH FK R @ U147 XING,440590.00000000000,4440595.00000000000,-111.69714900000,40.11356700000,Majore Trib,Spanish Fork River,Yes,,1385
4995600,River/Stream,River/Stream,2B  3B  3D  4,SPANISH FORK RIVER AT MOARK DIVERSION,449115.00000000000,4437296.00000000000,-111.59685800000,40.08440400000,Majore Trib,Spanish Fork River,Yes,,1438
4995605,River/Stream,River/Stream,2B  3B  3D  4,SPANISH FORK R. MOUTH OF CANYON BL GAGING STATION,451397.00000000000,4434706.00000000000,-111.56989800000,40.06120500000,Majore Trib,Spanish Fork River,Yes,,1482
4995610,River/Stream,River/Stream,2B 3A     4,SPANISH FORK R AT MOUTH OF CANYON AT USGS STATION,453245.00000000000,4433415.00000000000,-111.54813700000,40.04967900000,Majore Trib,Spanish Fork River,,,1492
4995630,River/Stream,River/Stream,2B 3A     4,SPANISH FK R ~2.5 MI BL CNFL/ DIAMOND FK,453538.00000000000,4432488.00000000000,-111.54463600000,40.04134300000,Majore Trib,Spanish Fork River,,,1491
4995640,River/Stream,River/Stream,2B 3A     4,DIAMOND FK CK AB SPANISH FK R AT US6 89 XING,456989.00000000000,4430865.00000000000,-111.50407600000,40.02690400000,Majore Trib,Spanish Fork River,,,1514
4995645,River/Stream,River/Stream,2B 3A     4,Spanish Fk outlet to Diamond Fk Ck,456810.00000000000,4431136.00000000000,-111.50619200000,40.02933600000,Majore Trib,Spanish Fork River,,,1539
4995660,River/Stream,River/Stream,2B 3A     4,DIAMOND FORK CREEK AT NATIONAL FOREST BOUNDARY,458560.00000000000,4432120.00000000000,-111.48574500000,40.03829000000,Majore Trib,Spanish Fork River,,,1528
4995662,River/Stream,River/Stream,2B 3A     4,Diamond Ck 0.75 miles BL Palmyra Campground,462322.00000000000,4434930.00000000000,-111.44181300000,40.06378300000,Majore Trib,Spanish Fork River,,,1570
4995665,River/Stream,River/Stream,2B 3A     4,DIAMOND FK BL PALMYRA CAMPGROUND,462494.00000000000,4434985.00000000000,-111.43980000000,40.06428600000,Majore Trib,Spanish Fork River,,,1580
4995670,River/Stream,River/Stream,2B 3A     4,DIAMOND FORK @ CAMPGROUND,469027.00000000000,4436833.00000000000,-111.36328300000,40.08120100000,Majore Trib,Spanish Fork River,,,1681
4995675,River/Stream,River/Stream,2B 3A     4,WANRHODES CANYON CK 1 mile AB CNFL W/ DIAMOND FK CK,463015.00000000000,4437279.00000000000,-111.43382000000,40.08498000000,Majore Trib,Spanish Fork River,,,1626
4995680,River/Stream,River/Stream,2B 3A     4,DIAMOND FORK AB PALMYRA CAMPGROUND,463451.00000000000,4435855.00000000000,-111.42862700000,40.07216600000,Majore Trib,Spanish Fork River,,,1587
4995690,River/Stream,River/Stream,2B 3A     4,DIAMOND FORK AB MONKS HOLLOW,467312.00000000000,4436290.00000000000,-111.38337000000,40.07624400000,Majore Trib,Spanish Fork River,,,1656
4995693,River/Stream,River/Stream,2B 3A     4,Monks Hollow Outlet,466587.00000000000,4436109.00000000000,-111.39186400000,40.07458500000,Majore Trib,Spanish Fork River,,,1636
4995700,River/Stream,River/Stream,2B 3A     4,SYAR TUNNEL OUTLET AT SIXTH WATER,473403.00000000000,4440810.00000000000,-111.31212100000,40.11718100000,Majore Trib,Spanish Fork River,,,2037
4995710,River/Stream,River/Stream,2B 3A     4,DIAMOND FORK CREEK ABOVE SIXTH WATER,469719.00000000000,4437216.00000000000,-111.35518500000,40.08467700000,Majore Trib,Spanish Fork River,,,1686
4995720,River/Stream,River/Stream,2B 3A     4,SIXTH WATER CK AB SYAR TUNNEL OUTLET,473143.00000000000,4440872.00000000000,-111.31517500000,40.11773200000,Majore Trib,Spanish Fork River,,,1955
4995730,River/Stream,River/Stream,2B 3A     4,SIXTH WATER CREEK ABOVE DIAMOND FORK CREEK,469767.00000000000,4437154.00000000000,-111.35461900000,40.08412000000,Majore Trib,Spanish Fork River,,,1690
4995740,River/Stream,River/Stream,2B 3A     4,FIFTH WATER CK BL RAYS VALLEY RD XING @ GAUGE,475103.00000000000,4439355.00000000000,-111.29211600000,40.10412400000,Majore Trib,Spanish Fork River,,,2094
4995750,Facility Industrial,Facility Other,,SYAR TUNNEL DISCHARGE @ FIFTH WATER,475557.00000000000,4440679.00000000000,-111.28683900000,40.11606600000,Majore Trib,Spanish Fork River,,,2164
4995755,River/Stream,River/Stream,2B 3A     4,LEFT FK FIFTH WATER CK AB SYAR TUNNEL DISCHARGE,478940.00000000000,4443057.00000000000,-111.24721700000,40.13758200000,Majore Trib,Spanish Fork River,,,2349
4995760,River/Stream,River/Stream,2B 3A     4,DIAMOND FK CK @ RAYS VALLEY RD XING,471237.00000000000,4443993.00000000000,-111.33768100000,40.14578700000,Majore Trib,Spanish Fork River,,,1894
4995765,River/Stream,River/Stream,2B 3A     4,Sixth Water BL Diversioin,474220.00000000000,4444476.00000000000,-111.30268000000,40.15023500000,Majore Trib,Spanish Fork River,,,2034
4995770,River/Stream,River/Stream,2B 3A     4,HALLS FK CK AB CNFL/ CHASE & SHINGLE MILLS CKS,472035.00000000000,4448584.00000000000,-111.32851200000,40.18717600000,Majore Trib,Spanish Fork River,,,2006
4995775,River/Stream,River/Stream,2B 3A     4,HALLS FORK AB CNFL YELLOWJACKET CK,476040.00000000000,4451096.00000000000,-111.28155800000,40.20993200000,Majore Trib,Spanish Fork River,,,2364
4995780,River/Stream,River/Stream,2B 3A     4,SIXTH WATER @ STRAWBERRY TUNNEL OUTLET,478648.00000000000,4445665.00000000000,-111.25073100000,40.16107200000,Majore Trib,Spanish Fork River,,,2275
4995790,River/Stream,River/Stream,2B 3A     4,SPANISH FK R AB CNFL / DIAMOND FK CK,457082.00000000000,4430617.00000000000,-111.50297000000,40.02467400000,Majore Trib,Spanish Fork River,,,1518
4995800,River/Stream,River/Stream,2B 3A     4,THISTLE CK AB THISTLE LAKE,457128.00000000000,4426208.00000000000,-111.50214000000,39.98495400000,Majore Trib,Spanish Fork River,,,1551
4995809,Spring,Spring,2B 3A     4,BENNIE CK ABOVE CNFL WITH  THISTLE CK,453245.00000000000,4419479.00000000000,-111.54713400000,39.92412400000,Majore Trib,Spanish Fork River,,,1646
4995810,River/Stream,River/Stream,2B 3A     4,BENNIE CK 0.9 MI AB NFS BNDY,448793.00000000000,4421234.00000000000,-111.59936800000,39.93967800000,Majore Trib,Spanish Fork River,,,1957
4995820,River/Stream,River/Stream,2B 3A     4,NEBO CK @ USFS BNDY,450000.00000000000,4413426.00000000000,-111.58464200000,39.86940400000,Majore Trib,Spanish Fork River,,,1803
4995822,River/Stream,River/Stream,2B 3A     4,NEBO CK AB CNFL SALT HOLLOW,449266.00000000000,4413387.00000000000,-111.59322200000,39.86900900000,Majore Trib,Spanish Fork River,,,1818
4995825,River/Stream,River/Stream,2B 3A     4,NEBO CREEK (EMAP),447335.00000000000,4412026.00000000000,-111.61568900000,39.85662900000,Majore Trib,Spanish Fork River,,,1879
4995830,River/Stream,River/Stream,2B 3A     4,NEBO CREEK BELOW HOLMAN CREEK,445353.00000000000,4411454.00000000000,-111.63881100000,39.85135000000,Majore Trib,Spanish Fork River,,,1949
4995835,River/Stream,River/Stream,2B 3A     4,THISTLE CK 0.4 M AB crossing at Birdseye,453167.00000000000,4418924.00000000000,-111.54801000000,39.91912000000,Majore Trib,Spanish Fork River,,,1651
4995840,River/Stream,River/Stream,2B 3A     4,HOLMAN CK AB CNFL/ NEBO CK,445258.00000000000,4411423.00000000000,-111.63991900000,39.85106500000,Majore Trib,Spanish Fork River,,,1963
4995845,River/Stream,River/Stream,2B 3A     4,HOLMAN CK APPROX. 1.5 MILES AB CNFL W/ NEBO CK,445162.00000000000,4411461.00000000000,-111.64104000000,39.85140000000,Majore Trib,Spanish Fork River,,,1966
4995850,River/Stream,River/Stream,2B 3A     4,NEBO CREEK ABOVE HOLMAN CREEK,445091.00000000000,4411332.00000000000,-111.64186400000,39.85023400000,Majore Trib,Spanish Fork River,,,1970
4995860,River/Stream,River/Stream,2B 3A     4,THISTLE CREEK AT NFS BNDRY,460920.00000000000,4406950.00000000000,-111.45657400000,39.81163000000,Majore Trib,Spanish Fork River,,,1889
4995864,River/Stream,River/Stream,2B 3A     4,North Fork Thistle Creek ab South Fork confluence and bl pipeline xing,464746.00000000000,4406593.00000000000,-111.41185700000,39.80858000000,Majore Trib,Spanish Fork River,,,2096
4995870,River/Stream,River/Stream,2B 3A     4,LAKE CK AB SOLDIER CK,460842.00000000000,4424153.00000000000,-111.45851700000,39.96662000000,Majore Trib,Spanish Fork River,,,1634
4995873,River/Stream,River/Stream,2B 3A     4,Right Fork Lake Fork ab confluence with Lake Fork,462863.00000000000,4422241.00000000000,-111.43474400000,39.94948500000,Majore Trib,Spanish Fork River,,,1763
4995877,River/Stream,River/Stream,2B 3A     4,East Lake Fork above confluence w/ West Lake Fork,465381.00000000000,4413733.00000000000,-111.40481600000,39.87293700000,Majore Trib,Spanish Fork River,,,2118
4995880,River/Stream,River/Stream,2B 3A     4,SOLDIER CK AT US 89 XING,457608.00000000000,4427208.00000000000,-111.49658300000,39.99398800000,Majore Trib,Spanish Fork River,,,1549
4995883,River/Stream,River/Stream,2B 3A     4,SOLDIER CK AB CNFL/ LAKE FK,459411.00000000000,4427151.00000000000,-111.47546000000,39.99356300000,Majore Trib,Spanish Fork River,,,1562
4995885,River/Stream,River/Stream,2B 3A     4,SOLDIER CK 17 MI INTO CANYON ALONG HWY 6,463379.00000000000,4427243.00000000000,-111.42898500000,39.99457300000,Majore Trib,Spanish Fork River,,,1606
4995890,River/Stream,River/Stream,2B 3A     4,Soldier Ck Above Red Rock Narrows,465402.00000000000,4427390.00000000000,-111.40529600000,39.99598300000,Majore Trib,Spanish Fork River,,,1633
4995895,River/Stream,River/Stream,2B 3A     4,KNOLL HOLLOW,470517.00000000000,4427912.00000000000,-111.34540100000,40.00088000000,Majore Trib,Spanish Fork River,,,1873
4995900,River/Stream,River/Stream,2B 3A     4,SHEEP CK AB CNFL/ SOLDIER CK,470975.00000000000,4425033.00000000000,-111.33990700000,39.97495700000,Majore Trib,Spanish Fork River,,,1738
4995910,River/Stream,River/Stream,2B 3A     4,DAIRY FORK AB CNFL/ SOLDIER CREEK,471117.00000000000,4424693.00000000000,-111.33822900000,39.97189800000,Majore Trib,Spanish Fork River,,,1740
4995915,River/Stream,River/Stream,2B 3A     4,SOLDIER CK AB CNFL W/ DAIRY FK,471526.00000000000,4424590.00000000000,-111.33343000000,39.97098000000,Majore Trib,Spanish Fork River,,,1738
4995919,River/Stream,River/Stream,2B 3A     4,SOLDIER CK BL CNFL TIE FK,480318.00000000000,4422648.00000000000,-111.23042200000,39.95373800000,Majore Trib,Spanish Fork River,,,1856
4995920,River/Stream,River/Stream,2B 3A     4,TIE FK AB SOLDIER CK,481477.00000000000,4422226.00000000000,-111.21684100000,39.94996200000,Majore Trib,Spanish Fork River,,,1870
4995925,River/Stream,River/Stream,2B 3A     4,TIE FORK AB SOLDIER CK UPSTREAM OF GAGE,481634.00000000000,4422481.00000000000,-111.21501000000,39.95226300000,Majore Trib,Spanish Fork River,,,1877
4995928,River/Stream,River/Stream,2B 3A     4,TIE FK AB WEST CANYON,481733.00000000000,4425117.00000000000,-111.21392500000,39.97601500000,Majore Trib,Spanish Fork River,,,1955
4995929,River/Stream,River/Stream,2B 3A     4,CHICKEN HOLLOW AB CNFL W/ TIE FK,482112.00000000000,4430899.00000000000,-111.20964600000,40.02811700000,Majore Trib,Spanish Fork River,,,2415
4995930,River/Stream,River/Stream,2B 3A     4,CLEAR CK AB SOLDIER CK,482897.00000000000,4420619.00000000000,-111.20017600000,39.93551300000,Majore Trib,Spanish Fork River,,,1900
4995931,River/Stream,River/Stream,2B 3A     4,ECAFINIA CK AB CNFL/ SOLDIER CK,482684.00000000000,4420589.00000000000,-111.20266800000,39.93523800000,Majore Trib,Spanish Fork River,,,1916
4995935,River/Stream,River/Stream,2B 3A     4,CLEAR CK 3/4MI AB CNFL/ Soldier CK AB REST AREA,482691.00000000000,4420589.00000000000,-111.20258600000,39.93523800000,Majore Trib,Spanish Fork River,,,1917
4995940,River/Stream,River/Stream,2B 3A     4,STARVATION CK AB SOLDIER CK,482801.00000000000,4420218.00000000000,-111.20128900000,39.93189800000,Majore Trib,Spanish Fork River,,,1902
4995942,River/Stream,River/Stream,2B 3A     4,STARVATION CK BL DRY HOLLOW,482301.00000000000,4418434.00000000000,-111.20709200000,39.91581400000,Majore Trib,Spanish Fork River,,,1945
4995945,River/Stream,River/Stream,2B 3A     4,BENNION CK AB LDS PROPERTY,482596.00000000000,4413221.00000000000,-111.20350100000,39.86885200000,Majore Trib,Spanish Fork River,,,2123
4995950,River/Stream,River/Stream,2B 3A     4,SOLDIER CK AB STARVATION CK,482920.00000000000,4420187.00000000000,-111.19989500000,39.93162100000,Majore Trib,Spanish Fork River,,,1904
4995960,River/Stream,River/Stream,2B 3A     4,TIE FK CK AB PRIVATE LAND,481791.00000000000,4424290.00000000000,-111.21322300000,39.96856500000,Majore Trib,Spanish Fork River,,,1938
4995965,River/Stream,River/Stream,2B 3A     4,TIE FORK (same location as 5928),481800.00000000000,4425114.00000000000,-111.21314100000,39.97598900000,Majore Trib,Spanish Fork River,,,1950
4995970,River/Stream,River/Stream,2B     3E 4,DRY CK 1MI N 0F SPANISH FK AIRPORT,443468.00000000000,4445599.00000000000,-111.66381800000,40.15884600000,Majore Trib,Dry Creek - Spanish Fork,Yes,,1376
4995980,River/Stream,River/Stream,2B 3A     4,DIPPING PEN CK W OF SMITHS RES,463988.00000000000,4414871.00000000000,-111.42116700000,39.88313200000,Majore Trib,Spanish Fork River,,,2237
4996000,River/Stream,River/Stream,2B     3E 4,DRY CK @ CR 77 XING AB UTAH LAKE,443469.00000000000,4445564.00000000000,-111.66380600000,40.15852800000,Majore Trib,Dry Creek - Spanish Fork,Yes,,1376
4996005,River/Stream,River/Stream,2B     3E 4,Dry Ck BL Spanish Fork WWTP at Main St,444033.00000000000,4444440.00000000000,-111.65708300000,40.14844400000,Majore Trib,Dry Creek - Spanish Fork,Yes,,1377
4996010,River/Stream,River/Stream,2B     3E 4,DRY CK BL SPANISH FK WWTP,444498.00000000000,4444019.00000000000,-111.65158800000,40.14468000000,Majore Trib,Dry Creek - Spanish Fork,Yes,,1378
4996020,Facility Municipal Sewage,Facility Other,,SPANISH FORK WWTP,444605.00000000000,4444051.00000000000,-111.65033300000,40.14497200000,Majore Trib,Dry Creek - Spanish Fork,Yes,,1378
4996030,River/Stream,River/Stream,2B     3E 4,DRY CK AB SPANISH FK WWTP,444834.00000000000,4444132.00000000000,-111.64764900000,40.14572200000,Majore Trib,Dry Creek - Spanish Fork,,,1378
4996035,River/Stream,River/Stream,2B     3E 4,Dry Ck AB Spanish Fork WWTP at 1750 W,445204.00000000000,4444175.00000000000,-111.64331300000,40.14613200000,Majore Trib,Dry Creek - Spanish Fork,,,1379
4996042,River/Stream,River/Stream,2B     3E 4,DRY CK EAST TRIBUTARY,443498.00000000000,4447373.00000000000,-111.66361700000,40.17483300000,Direct,Provo Bay 3,Yes,,1371
4996120,River/Stream,River/Stream,2B 3A     4,HEAVEN POLE CK AB CNFL LEFT FK HOBBLE CK,457626.00000000000,4449566.00000000000,-111.49783800000,40.19541900000,Majore Trib,Hobble Creek,,,1666
4996130,River/Stream,River/Stream,2B 3A     4,LEFT FK HOBBLE CK AB RIGHT FK,457573.00000000000,4446278.00000000000,-111.49824400000,40.16579400000,Majore Trib,Hobble Creek,,,1553
4996133,River/Stream,River/Stream,2B 3A     4,LEFT FK.HOBBLE CK BL BARTHOLOMEW CANYON,458165.00000000000,4449808.00000000000,-111.49152100000,40.19762600000,Majore Trib,Hobble Creek,,,1637
4996135,River/Stream,River/Stream,2B 3A     4,LEFT FK HOBBLE CK AB GRANGER CANYON,459095.00000000000,4452104.00000000000,-111.48074100000,40.21835700000,Majore Trib,Hobble Creek,,,1679
4996138,River/Stream,River/Stream,2B 3A     4,L. FK. HOBBLE CK. AB CNFL W/ SHEEP CANYON,465278.00000000000,4456842.00000000000,-111.40833300000,40.26132200000,Majore Trib,Hobble Creek,,,2003
4996140,River/Stream,River/Stream,2B 3A     4,RIGHT FK HOBBLE CK @ CHERRY CMPGD,459349.00000000000,4446607.00000000000,-111.47740900000,40.16884600000,Majore Trib,Hobble Creek,,,1590
4996150,River/Stream,River/Stream,2B 3A     4,RT FK HOBBLE CK 1.5 MILES AB CHERRY CAMPGROUND,460611.00000000000,4448142.00000000000,-111.46268200000,40.18273500000,Majore Trib,Hobble Creek,,,1656
4996155,River/Stream,River/Stream,2B 3A     4,R. FK. HOBBLE CK. BL BALSAM CAMPGROUND,465315.00000000000,4449872.00000000000,-111.40752100000,40.19852900000,Majore Trib,Hobble Creek,,,1793
4996160,River/Stream,River/Stream,2B 3A     4,WARDSWORTH CK AB CNFL/ HOBBLE CK,466813.00000000000,4449530.00000000000,-111.38990400000,40.19550900000,Majore Trib,Hobble Creek,,,1928
4996170,River/Stream,River/Stream,2B 3A     4,SHEEP CANYON CK AB CNFL L. FK. HOBBLE CK,465228.00000000000,4456881.00000000000,-111.40892300000,40.26167100000,Majore Trib,Hobble Creek,,,2003
4996190,River/Stream,River/Stream,2B  3B    4,SPRING CK UPRR XING 1.7MI SE OF PROVO GOLF CSE,445644.00000000000,4449226.00000000000,-111.63857400000,40.19166500000,Majore Trib,Hobble Creek,Yes,,1372
4996200,River/Stream,River/Stream,2B 3A     4,LITTLE SPRING CK W/OUT EFFLUENT -WLA,446696.00000000000,4448288.00000000000,-111.62614200000,40.18328600000,Majore Trib,Hobble Creek,Yes,,1375
4996220,Facility Industrial,Facility Other,,SPRINGVILLE FH 001 WEST SIDE DISCHARGE,448338.00000000000,4449222.00000000000,-111.60692700000,40.19179900000,Majore Trib,Hobble Creek,,,1501
4996230,Facility Industrial,Facility Other,,SPRINGVILLE FH 002 WEST SIDE RACEWAY CLEANING DISCHARGE,448338.00000000000,4448370.00000000000,-111.60685800000,40.18412400000,Majore Trib,Hobble Creek,,,1399
4996240,Facility Industrial,Facility Other,,SPRINGVILLE FH 003 EAST SIDE DISCHARGE,448361.00000000000,4448370.00000000000,-111.60658800000,40.18412500000,Majore Trib,Hobble Creek,,,1400
4996280,Facility Municipal Sewage,Facility Other,,SPRINGVILLE WWTP,447126.00000000000,4447636.00000000000,-111.62103600000,40.17743600000,Majore Trib,Hobble Creek,,,1380
4996281,River/Stream,River/Stream,2B 3A     4,SPRINGVILLE CK NEAR TECHNOLOGY WAY-WLA,446335.00000000000,4449135.00000000000,-111.63045000000,40.19088600000,Majore Trib,Hobble Creek,Yes,,1372
4996282,River/Stream,River/Stream,2B 3A     4,SPRINGVILLE DISCHARGE NEAR PEPSI CO-WLA,446813.00000000000,4447986.00000000000,-111.62474200000,40.18056900000,Majore Trib,Hobble Creek,Yes,,1377
4996283,Lake,Lake,2B 3A     4,POND NEAR SR 75 SPRINGVILLE STATION 3E-WLA,446403.00000000000,4448729.00000000000,-111.62961900000,40.18723900000,Majore Trib,Hobble Creek,,,1374
4996284,River/Stream,River/Stream,2B 3A     4,SPRINGVILLE STATION 4 SPRING CK BL 1100 W-WLA,446251.00000000000,4449176.00000000000,-111.63144200000,40.19125000000,Majore Trib,Hobble Creek,Yes,,1371
4996285,River/Stream,River/Stream,2B 3A     4,SPRINGVILLE STATION 5 SPRING CK 0.1 MILE AB RR TRACKS-WLA,445946.00000000000,4449274.00000000000,-111.63503300000,40.19211400000,Majore Trib,Hobble Creek,Yes,,1372
4996286,River/Stream,River/Stream,2B 3A     4,SPRINGVILLE STATION 6 SPRING CK BL RR TRACKS-WLA,445635.00000000000,4449215.00000000000,-111.63867500000,40.19156100000,Majore Trib,Hobble Creek,Yes,,1372
4996287,Lake,Lake,2B 3A     4,POND NEAR SR 75 SPRINGVILLE STATION 3W-WLA,446324.00000000000,4448744.00000000000,-111.63054400000,40.18736900000,Majore Trib,Hobble Creek,,,1373
4996290,River/Stream,River/Stream,2B 3A     4,SPRING CK AB SPRINGVILLE WWTP,447127.00000000000,4447700.00000000000,-111.62102800000,40.17801200000,Majore Trib,Hobble Creek,Yes,,1379
4996310,River/Stream,River/Stream,2B 3A     4,SPRING CK BL FISH HATCHERIES AND AB SPRINGVILLE WWTP,447392.00000000000,4448469.00000000000,-111.61797800000,40.18495700000,Majore Trib,Hobble Creek,Yes,,1376
4996340,Canal-Transport,Canal Transport,2B   3C   4,IRONTON CANAL BL KUHNIS BYPRODUCTS,445370.00000000000,4450056.00000000000,-111.64186400000,40.19912500000,Majore Trib,Hobble Creek,Yes,,1373
4996350,Facility Industrial,Facility Other,,KUHNI BYPRODUCTS 006 OUTFALL,445417.00000000000,4450055.00000000000,-111.64131100000,40.19911900000,Majore Trib,Hobble Creek,Yes,,1372
4996360,Facility Industrial,Facility Other,,KUHNI BYPRODUCTS NO5 OUTFALL 005,445441.00000000000,4450055.00000000000,-111.64102900000,40.19912000000,Majore Trib,Hobble Creek,Yes,,1371
4996380,Facility Industrial,Facility Other,,KUHNIS BYPRODUCTS NO2 WEST OUTFALL 003,445488.00000000000,4450055.00000000000,-111.64047700000,40.19912300000,Majore Trib,Hobble Creek,Yes,,1373
4996390,Facility Industrial,Facility Other,,KUHNIS FAT SKIMMING VAT,445535.00000000000,4450055.00000000000,-111.63992500000,40.19912600000,Majore Trib,Hobble Creek,Yes,,1372
4996400,Facility Industrial,Facility Other,,KUHNIS BYPRODUCTS EAST OUTFALLTO IRONTON CANAL 001,445535.00000000000,4450055.00000000000,-111.63992500000,40.19912600000,Majore Trib,Hobble Creek,Yes,,1372
4996410,Canal-Transport,Canal Transport,2B   3C   4,IRONTON CANAL AB KUHNIS BYPRODUCTS,445559.00000000000,4450082.00000000000,-111.63964500000,40.19937100000,Majore Trib,Hobble Creek,Yes,,1372
4996420,Facility Industrial,Facility Other,,PACIFIC STATES WASTE POND,445724.00000000000,4450053.00000000000,-111.63770400000,40.19912100000,Majore Trib,Hobble Creek,Yes,,1372
4996430,Facility Industrial,Facility Other,,PACIFIC STATES COOLING TOWER OUTFALL 001 FORMERLY 003,445817.00000000000,4449806.00000000000,-111.63659100000,40.19690100000,Majore Trib,Hobble Creek,Yes,,1371
4996440,Facility Industrial,Facility Other,,PACIFIC STATES COOLING TOWER OUTFALL NO.2,445888.00000000000,4449836.00000000000,-111.63575900000,40.19717600000,Majore Trib,Hobble Creek,Yes,,1372
4996450,Canal-Transport,Canal Transport,2B   3C   4,IRONTON CANAL BL REILLY T&C AND AB PACIFIC STATES,446292.00000000000,4450095.00000000000,-111.63103500000,40.19953600000,Majore Trib,Hobble Creek,Yes,,1372
4996460,Facility Industrial,Facility Other,,REILLY TAR AND CHEMICAL,446362.00000000000,4449956.00000000000,-111.63020100000,40.19828800000,Majore Trib,Hobble Creek,Yes,,1371
4996480,Canal-Transport,Canal Transport,2B     3E 4,IRONTON CANAL AB REILLY TAR & CHEM & BL FISH HATCHERY,447777.00000000000,4448390.00000000000,-111.61344900000,40.18426900000,Majore Trib,Hobble Creek,,,1379
4996490,Facility Industrial,Facility Other,,W SPRINGVILLE FH,447816.00000000000,4448250.00000000000,-111.61298000000,40.18301000000,Majore Trib,Hobble Creek,,,1379
4996500,Facility Industrial,Facility Other,,E SPRINGVILLE FH,448004.00000000000,4448033.00000000000,-111.61075400000,40.18106700000,Majore Trib,Hobble Creek,,,1381
4996510,River/Stream,River/Stream,2B 3A     4,SPRING CK AT DIST. BOX AB SPRINGVILLE HATCHERY,448240.00000000000,4447939.00000000000,-111.60797500000,40.18023500000,Majore Trib,Hobble Creek,Yes,,1384
4996520,Spring,Spring,2B 3A     4,SPRINGVILLE FH INFLOW 1 MAIN HDWKS,448193.00000000000,4447939.00000000000,-111.60852700000,40.18023200000,Majore Trib,Hobble Creek,,,1382
4996530,Facility Industrial,Facility Other,,Flowserve OUTFALL,446448.00000000000,4448691.00000000000,-111.62908500000,40.18689700000,Majore Trib,Hobble Creek,,,1374
4996550,River/Stream,River/Stream,2B  3B    4,MILLRACE CK BL PROVO WWTP,444494.00000000000,4451168.00000000000,-111.65225100000,40.20908500000,Majore Trib,Mill Race,Yes,,1372
4996555,River/Stream,River/Stream,2B  3B    4,MILL RACE CK at GOLF COURSE CLUB HOUSE,444478.00000000000,4450966.00000000000,-111.65242200000,40.20726400000,Majore Trib,Mill Race,Yes,,1373
4996560,Facility Municipal Sewage,Facility Other,,PROVO WWTP,444624.00000000000,4451541.00000000000,-111.65075600000,40.21245400000,Majore Trib,Mill Race,Yes,,1372
4996561,River/Stream,River/Stream,2B  3B    4,PROVO STATION 1-WLA,444444.00000000000,4451466.00000000000,-111.65286600000,40.21176500000,Majore Trib,Mill Race,Yes,,1374
4996563,River/Stream,River/Stream,2B  3B    4,PROVO STATION 3-WLA,444787.00000000000,4451047.00000000000,-111.64879300000,40.20801000000,Majore Trib,Mill Race,Yes,,1372
4996567,River/Stream,River/Stream,2B  3B    4,PROVO STATION 4 UP WEIR-WLA,444929.00000000000,4450341.00000000000,-111.64706700000,40.20166300000,Majore Trib,Mill Race,Yes,,1372
4996568,River/Stream,River/Stream,2B  3B    4,PROVO STATION 4 DOWN WEIR-WLA,444906.00000000000,4450345.00000000000,-111.64734000000,40.20169900000,Majore Trib,Mill Race,Yes,,1370
4996569,River/Stream,River/Stream,2B  3B    4,IRONTON CANAL Tributary 2-WLA,444844.00000000000,4450367.00000000000,-111.64807500000,40.20189400000,Majore Trib,Mill Race,Yes,,1370
4996570,River/Stream,River/Stream,2B  3B    4,MILLRACE CK AB PROVO WWTP,444214.00000000000,4451985.00000000000,-111.65561200000,40.21642700000,Majore Trib,Mill Race,Yes,,1374
4996580,Canal-Drainage,Canal Drainage,2B     3E,DRAIN AB NE CORNER PROVO GOLF COURSE AT 300 W.,444348.00000000000,4452591.00000000000,-111.65409000000,40.22189500000,Majore Trib,Mill Race,Yes,,1375
4996590,River/Stream,River/Stream,2B  3B    4,"MILL RACE CK US189 XING, .7MI S OF PROVO COURTHOUSE",443923.00000000000,4452625.00000000000,-111.65908800000,40.22217300000,Majore Trib,Mill Race,Yes,,1378
4996600,Facility Industrial,Facility Other,,PROVO CITY POWER 001 (AB 500W DITCH),443657.00000000000,4455002.00000000000,-111.66242300000,40.24356900000,Majore Trib,Mill Race,,,1396
4996610,Facility Industrial,Facility Other,,PROVO CITY POWER 002 (AB SEWER DRAIN AT E MANHOLE),443610.00000000000,4455064.00000000000,-111.66298100000,40.24412400000,Majore Trib,Mill Race,,,1397
4996620,Facility Industrial,Facility Other,,PROVO CITY POWER 003 (AB MILLRACE N OF PLANT),443610.00000000000,4455033.00000000000,-111.66297800000,40.24384500000,Majore Trib,Mill Race,,,1397
4996640,Storm sewer,Storm sewer,6,16TH NORTH PROVO STORM DRAIN,443430.00000000000,4456175.00000000000,-111.66519500000,40.25412100000,Majore Trib,Provo River,,,1404
4996650,Storm sewer,Storm sewer,6,8TH NORTH PROVO STORM DRAIN,442760.00000000000,4455101.00000000000,-111.67297700000,40.24440000000,Majore Trib,Provo River,,,1393
4996660,Facility Industrial,Facility Other,,PROVO TOWNE CENTER MALL CONSTRUCTION 001,443631.00000000000,4451579.00000000000,-111.66242800000,40.21273000000,Direct,Provo Bay 7,Yes,,1375
4996695,River/Stream,River/Stream,2B 3A     4,PROVO R AB 800 N IN PROVO,442688.00000000000,4455234.00000000000,-111.67383500000,40.24559300000,Majore Trib,Provo River,Yes,,1394
4996700,River/Stream,River/Stream,2B 3A     4,PROVO RIVER AT 500 WEST,443192.00000000000,4455992.00000000000,-111.66797700000,40.25245600000,Majore Trib,Provo River,Yes,,1401
4996730,River/Stream,River/Stream,2B 3A     4,PROVO R AT BRIDGE 650M BL UP L HALE PLANT,444134.00000000000,4462028.00000000000,-111.65742800000,40.30689700000,Majore Trib,Provo River,Yes,,1461
4996740,River/Stream,River/Stream,2B 3A     4,PROVO R. 600 FT BL UP&L HALE PLANT EFFLUENT,444208.00000000000,4462429.00000000000,-111.65659200000,40.31051400000,Majore Trib,Provo River,Yes,,1466
4996750,Facility Industrial,Facility Other,,UP L HALE PLANT MAIN DISCHARGE 001,444186.00000000000,4462583.00000000000,-111.65686400000,40.31190000000,Majore Trib,Provo River,,,1467
4996770,River/Stream,River/Stream,2B 3A     4,PROVO R AT BRIDGE AB UP L HALE PLANT,444210.00000000000,4462675.00000000000,-111.65659000000,40.31273000000,Majore Trib,Provo River,Yes,,1469
4996778,River/Stream,River/Stream,2B 3A     4,PROVO R BL MURDOCK DIV DAM,445237.00000000000,4464012.00000000000,-111.64461800000,40.32484300000,Majore Trib,Provo River,Yes,,1490
4996780,River/Stream,River/Stream,1C  2B 3A     4,PROVO RIVER AT MURDOCK DIVERSION,445448.00000000000,4464177.00000000000,-111.64214900000,40.32634300000,Majore Trib,Provo River,Yes,,1495
4996800,River/Stream,River/Stream,1C  2B 3A     4,PROVO R AT ROTARY PARK,448171.00000000000,4465422.00000000000,-111.61019800000,40.33773300000,Majore Trib,Provo River,,,1546
4996810,River/Stream,River/Stream,1C  2B 3A     4,PROVO RIVER AT OLMSTEAD DIVERSION,449877.00000000000,4466520.00000000000,-111.59020000000,40.34772900000,Majore Trib,Provo River,,,1583
4996820,Facility Industrial,Facility Other,,OLMSTEAD DAM REPLACEMENT DISCHARGE,449948.00000000000,4466520.00000000000,-111.58936400000,40.34773300000,Majore Trib,Provo River,,,1596
4996825,River/Stream,River/Stream,1C  2B 3A     4,SHINGLE MILL CANYON CK BL CNFL W/ WATER HOLLOW CK,456170.00000000000,4463181.00000000000,-111.51587400000,40.31800200000,Majore Trib,Provo River,,,1869
4996830,River/Stream,River/Stream,1C  2B 3A     4,LOWER S FK PROVO R AT GAGING STATIION,451580.00000000000,4467064.00000000000,-111.57019000000,40.35273000000,Majore Trib,Provo River,,,1607
4996850,River/Stream,River/Stream,1C  2B 3A     4,N FK PROVO R AB CNFL / PROVO R AT WILDWOOD,452720.00000000000,4468352.00000000000,-111.55686100000,40.36439900000,Majore Trib,Provo River,,,1595
4996852,River/Stream,River/Stream,1C  2B 3A     4,N FK PROVO R 1/4 MI AB CNFL/ PROVO R (ALPINE SCENIC LOOP RD),452672.00000000000,4468618.00000000000,-111.55744600000,40.36679200000,Majore Trib,Provo River,,,1601
4996855,River/Stream,River/Stream,1C  2B 3A     4,PROVO R. AB CNFL W/ N. FK. OF PROVO R.,452965.00000000000,4469852.00000000000,-111.55408600000,40.37792600000,Majore Trib,Provo River,,,1596
4996860,River/Stream,River/Stream,1C  2B 3A     4,NORTH FK PROVO R AB SUNDANCE RESORT,450829.00000000000,4471386.00000000000,-111.57936600000,40.39162200000,Majore Trib,Provo River,,,1859
4996870,River/Stream,River/Stream,1C  2B 3A     4,LITTLE DEER CK AB CNFL / PROVO RIVER,454987.00000000000,4472655.00000000000,-111.53046600000,40.40328900000,Majore Trib,Provo River,,,1612
4996890,River/Stream,River/Stream,1C  2B 3A     4,PROVO R AT UTAH CO LINE,455169.00000000000,4472782.00000000000,-111.52833000000,40.40444300000,Majore Trib,Provo River,,,1615
4996940,Canal-Drainage,Canal Drainage,2B     3E,WEST BENCH DITCH AT CASCADE ROAD,457847.00000000000,4482413.00000000000,-111.49741000000,40.49134600000,Majore Trib,Provo River,,,1752
4996990,River/Stream,River/Stream,1C  2B 3A     4,LOWER CULVERT UNDER RR AT CHALET WASATCH MTN STATE PARK,458781.00000000000,4481082.00000000000,-111.48630300000,40.47940300000,Majore Trib,Provo River,,,1666
4997030,River/Stream,River/Stream,1C  2B 3A     4,Soldier Hollow Ck @ Heber Creeper Xing,458740.00000000000,4481310.00000000000,-111.48680100000,40.48145500000,Majore Trib,Provo River,,,1657
4997040,River/Stream,River/Stream,1C  2B 3A     4,Soldier Hollow Ck ab Road and Animal Corrals,458735.00000000000,4481310.00000000000,-111.48686000000,40.48145400000,Majore Trib,Provo River,,,1657
5910030,River/Stream,River/Stream,1C  2B 3A     4,PROVO RIVER AT BRIDGE ON U-113 NEAR CHARLESTON,459981.00000000000,4480829.00000000000,-111.47213000000,40.47718200000,Majore Trib,Provo River,,,1650
5910040,Canal-Irrigation,Canal Irrigation,2B     3E 4,IRRIGATION CANAL NEAR U113 N OF HEBER CREEPER RR XING,459963.00000000000,4481846.00000000000,-111.47240600000,40.48634300000,Majore Trib,Provo River,,,1657
5910050,Canal-Drainage,Canal Drainage,2B     3E,HUFFAKER DITCH TAIL WATERS AT U113 AND RR XING,459469.00000000000,4481910.00000000000,-111.47823900000,40.48689600000,Majore Trib,Provo River,,,1661
5910060,Canal-Drainage,Canal Drainage,2B     3E,HUFFAKER DITCH BL DAIRY AT STRINGTOWN ROAD XING,459189.00000000000,4482436.00000000000,-111.48157700000,40.49162100000,Majore Trib,Provo River,,,1671
5910070,Canal-Drainage,Canal Drainage,2B     3E,HUFFAKER DITCH AB DAIRY NEAR STRINGTOWN ROAD XING,459190.00000000000,4482652.00000000000,-111.48157900000,40.49356700000,Majore Trib,Provo River,,,1673
5910170,Canal-Irrigation,Canal Irrigation,2B     3E 4,LOWER CHARLESTON CANAL AB DAIRY 0.3MI NE OF PROVO R-U113 XING,460382.00000000000,4480950.00000000000,-111.46740700000,40.47829100000,Majore Trib,Provo River,,,1658
5910180,Canal-Irrigation,Canal Irrigation,2B     3E 4,LOWER CHARLESTON CANAL BL DAIRY,460334.00000000000,4480888.00000000000,-111.46796900000,40.47773100000,Majore Trib,Provo River,,,1657
5910270,Canal-Irrigation,Canal Irrigation,2B     3E 4,SAGEBRUSH-SPRING CK CANAL AT US189 XING,461743.00000000000,4480079.00000000000,-111.45129800000,40.47050900000,Majore Trib,Provo River,,,1684
5910340,Canal-Drainage,Canal Drainage,2B     3E,EPPERSON DITCH AT CASCADE ROAD NW OF DEER CK RES,458364.00000000000,4482317.00000000000,-111.49130400000,40.49050800000,Majore Trib,Provo River,,,1695
5910617,River/Stream,River/Stream,1C 2A  3A     4,Main Ck Location 11 at Deer Ck Res high water line,459087.00000000000,4473507.00000000000,-111.48220900000,40.41117700000,Majore Trib,Provo River,,,1649
5910990,Well,Well,,DOUG WAGSTAFF WELL (142 FEET DEEP),463229.00000000000,4480503.00000000000,-111.43379300000,40.47439600000,Majore Trib,Provo River,,,1710
5911000,Well,Well,,ELMER ANDREASON WELL (100 FEET DEEP),461814.00000000000,4480079.00000000000,-111.45046000000,40.47051200000,Majore Trib,Provo River,,,1686
5911010,Well,Well,,MARLO EDWARDS WELL (18 FEET DEEP),460074.00000000000,4480581.00000000000,-111.47101700000,40.47495300000,Majore Trib,Provo River,,,1655
5911020,Well,Well,,REED EDWARDS WELL (30 FEET DEEP),460047.00000000000,4479996.00000000000,-111.47129900000,40.46968100000,Majore Trib,Provo River,,,1656
5911030,Well,Well,,CHARLESTON TOWN WELL (325 FEET DEEP),460020.00000000000,4479379.00000000000,-111.47157800000,40.46412100000,Majore Trib,Provo River,,,1655
5911040,Well,Well,,JOHN L JACOBSEN WELL (27 FEET DEEP),460043.00000000000,4479194.00000000000,-111.47129500000,40.46245600000,Majore Trib,Provo River,,,1655
5911050,River/Stream,River/Stream,1C  2B 3A     4,SPRINGS N OF RR XING (WEBSTER),459785.00000000000,4481868.00000000000,-111.47450800000,40.48653300000,Majore Trib,Provo River,,,1658
5912010,River/Stream,River/Stream,2B 3A     4,N FK AMERICAN FK AB BOG MINE AF-1,447492.00000000000,4489394.00000000000,-111.62017400000,40.55364400000,Majore Trib,American Fork River,,,2685
5912020,River/Stream,River/Stream,2B 3A     4,N FK AMERICAN FK BETWEEN BOG AND LOWER BOG AF-2,447849.00000000000,4489305.00000000000,-111.61595000000,40.55286500000,Majore Trib,American Fork River,,,2634
5912030,River/Stream,River/Stream,2B 3A     4,LOWER BOG MINE ADIT AF-3,448076.00000000000,4489285.00000000000,-111.61326800000,40.55269900000,Majore Trib,American Fork River,,,2596
5912040,River/Stream,River/Stream,2B 3A     4,N FK AMERICAN FK BL LOWER BOG AF-4,448137.00000000000,4489217.00000000000,-111.61254200000,40.55209000000,Majore Trib,American Fork River,,,2583
5912050,River/Stream,River/Stream,2B 3A     4,N FK AMERICAN FK AB PACIFIC MINE AF-5,449626.00000000000,4488398.00000000000,-111.59489100000,40.54480400000,Majore Trib,American Fork River,,,2379
5912060,River/Stream,River/Stream,2B 3A     4,PACIFIC MINE ADIT AF-6,449634.00000000000,4487995.00000000000,-111.59476400000,40.54117400000,Majore Trib,American Fork River,,,2381
5912070,River/Stream,River/Stream,2B 3A     4,SPRING OUTLET NEAR PACIFIC MINE AF-7,449627.00000000000,4488053.00000000000,-111.59485200000,40.54169600000,Majore Trib,American Fork River,,,2376
5912080,River/Stream,River/Stream,2B 3A     4,BEAVER POND OUTLET NEAR PACIFIC MINE AF-8,449753.00000000000,4487976.00000000000,-111.59335800000,40.54101000000,Majore Trib,American Fork River,,,2360
5912090,River/Stream,River/Stream,2B 3A     4,UPPER DISCHARGE FROM PACIFIC TAILINGS PILE AF-9A,449804.00000000000,4487975.00000000000,-111.59275500000,40.54100400000,Majore Trib,American Fork River,,,2358
5912100,River/Stream,River/Stream,2B 3A     4,MIDDLE DISCHARGE FROM PACIFIC TAILINGS PILE AF-9B,449802.00000000000,4487956.00000000000,-111.59277800000,40.54083300000,Majore Trib,American Fork River,,,2359
5912110,River/Stream,River/Stream,2B 3A     4,LOWER DISCHARGE FROM PACIFIC TAILINGS PILE AF-9C,449786.00000000000,4487904.00000000000,-111.59296200000,40.54036400000,Majore Trib,American Fork River,,,2357
5912120,River/Stream,River/Stream,2B 3A     4,N FK AMERICAN FK BL PACIFIC MINE AF-10,449770.00000000000,4487840.00000000000,-111.59314600000,40.53978600000,Majore Trib,American Fork River,,,2356
5912130,River/Stream,River/Stream,2B 3A     4,N FK AMERICAN FK @ DUTCHMAN FLAT AF-11,449021.00000000000,4486433.00000000000,-111.60187700000,40.52706500000,Majore Trib,American Fork River,,,2303
5912140,River/Stream,River/Stream,2B 3A     4,N FK AMERICAN FK AB CNFL/ MARY ELLEN GULCH AF-11A,448418.00000000000,4486049.00000000000,-111.60896400000,40.52356900000,Majore Trib,American Fork River,,,2276
5912150,River/Stream,River/Stream,2B 3A     4,N FK AMERICAN FK BL MARY ELLEN GULCH AF-12,448322.00000000000,4485986.00000000000,-111.61009300000,40.52299500000,Majore Trib,American Fork River,,,2269
5912160,River/Stream,River/Stream,2B 3A     4,N FK AMERICAN FK AB MAJOR EVANS GULCH AF-13,446986.00000000000,4484757.00000000000,-111.62576100000,40.51184000000,Majore Trib,American Fork River,,,2149
5912170,River/Stream,River/Stream,2B 3A     4,MAJOR EVANS GULCH AB CNFL/ N FK AMERICAN FK AF-14,446875.00000000000,4484672.00000000000,-111.62706400000,40.51106700000,Majore Trib,American Fork River,,,2145
5912180,River/Stream,River/Stream,2B 3A     4,N FK AMERICAN FK BL MAJOR EVANS GULCH AF-15,446538.00000000000,4484265.00000000000,-111.63100700000,40.50737900000,Majore Trib,American Fork River,,,2106
5912190,River/Stream,River/Stream,2B 3A     4,N FK AMERICAN FK AB SILVER CK AF-16,446082.00000000000,4483341.00000000000,-111.63631100000,40.49902500000,Majore Trib,American Fork River,,,2054
5912200,River/Stream,River/Stream,2B 3A     4,N FK AMERICAN FK BL SILVER CK AF-17,445912.00000000000,4482979.00000000000,-111.63828600000,40.49575300000,Majore Trib,American Fork River,,,2018
5912250,River/Stream,River/Stream,2B 3A     4,MARY ELLEN GULCH @ MERRIL FLAT AF-22,445899.00000000000,4488671.00000000000,-111.63892600000,40.54702800000,Majore Trib,American Fork River,,,2975
5912260,River/Stream,River/Stream,2B 3A     4,MARY ELLEN GULCH AB GLOBE MINE AF-23,446086.00000000000,4488612.00000000000,-111.63671200000,40.54650900000,Majore Trib,American Fork River,,,2921
5912270,River/Stream,River/Stream,2B 3A     4,MARY ELLEN GULCH BETWEEN GLOBE AND YANKEE MINES AF-24,446331.00000000000,4488322.00000000000,-111.63379500000,40.54391300000,Majore Trib,American Fork River,,,2809
5912280,River/Stream,River/Stream,2B 3A     4,YANKEE MINE ADIT #1 AF-25,446630.00000000000,4488363.00000000000,-111.63026700000,40.54430100000,Majore Trib,American Fork River,,,2759
5912290,River/Stream,River/Stream,2B 3A     4,YANKEE MINE ADIT #2 AF-26,446548.00000000000,4488396.00000000000,-111.63123800000,40.54459300000,Majore Trib,American Fork River,,,2773
5912300,River/Stream,River/Stream,2B 3A     4,YANKEE MINE ADIT #3 AF-27,446295.00000000000,4488434.00000000000,-111.63422900000,40.54491900000,Majore Trib,American Fork River,,,2862
5912310,River/Stream,River/Stream,2B 3A     4,YANKEE MINE ADIT #4 AF-28,446423.00000000000,4488303.00000000000,-111.63270700000,40.54374700000,Majore Trib,American Fork River,,,2786
5912320,River/Stream,River/Stream,2B 3A     4,MARY ELLEN GULCH BL MINES AF-29,446629.00000000000,4488010.00000000000,-111.63024900000,40.54112100000,Majore Trib,American Fork River,,,2694
5912330,River/Stream,River/Stream,2B 3A     4,MARY ELLEN GULCH 1/2 MI AB CNFL/ N FK AMERICAN FK AF-30,447648.00000000000,4486728.00000000000,-111.61811100000,40.52963700000,Majore Trib,American Fork River,,,2399
5912340,River/Stream,River/Stream,2B 3A     4,MARY ELLEN GULCH AB CNF/ N FK AMERICAN FK AF-31,448397.00000000000,4486087.00000000000,-111.60921500000,40.52391000000,Majore Trib,American Fork River,,,2278
5912360,River/Stream,River/Stream,2B 3A     4,SILVER CK AB CNFL/ N FK AMERICAN FK AF-33,444592.00000000000,4483550.00000000000,-111.65391200000,40.50081000000,Majore Trib,American Fork River,,,2277
5912380,River/Stream,River/Stream,2B 3A     4,YANKEE MINE ADIT #5 AF-28A,446449.00000000000,4488247.00000000000,-111.63239500000,40.54324500000,Majore Trib,American Fork River,,,2780
5912420,Well,Well,,Pacific Mine Well 02,450055.00000000000,4487524.00000000000,-111.58975600000,40.53695700000,Majore Trib,American Fork River,,,2493
5912430,Well,Well,,Pacific Mine Well 03,450083.00000000000,4487505.00000000000,-111.58942400000,40.53678700000,Majore Trib,American Fork River,,,2504
5912810,River/Stream,River/Stream,2B 3A     4,N FK AMERICAN FORK RIVER BL TIBBLE FORK RES,445124.00000000000,4481169.00000000000,-111.64742800000,40.47939600000,Majore Trib,American Fork River,,,1970
5912820,Reservoir,Lake,2B 3A     4,TIBBLE FORK RES AB DAM 01,445220.00000000000,4481384.00000000000,-111.64631400000,40.48133900000,Majore Trib,American Fork River,,,1945
5912821,Reservoir,Lake,2B 3A     4,TIBBLE FORK RES AB DAM 01 100 M OFF BOAT RAMP,445220.00000000000,4481384.00000000000,-111.64631400000,40.48133900000,Majore Trib,American Fork River,,,1945
5912830,River/Stream,River/Stream,2B 3A     4,DEER CREEK AB TIBBLE FORK RES,445155.00000000000,4481486.00000000000,-111.64708500000,40.48225100000,Majore Trib,American Fork River,,,1951
5912840,River/Stream,River/Stream,2B 3A     4,N FK AMERICAN FK CK AB TIBBLE FORK RES,445717.00000000000,4481658.00000000000,-111.64047400000,40.48384000000,Majore Trib,American Fork River,,,1949
5912850,River/Stream,River/Stream,2B 3A     4,WIDE HOLLOW AB CONFL DEER CK AB TIBBLE FORK RES,445010.00000000000,4481656.00000000000,-111.64881400000,40.48377600000,Majore Trib,American Fork River,,,1978
5912880,Lake,Lake,2B 3A     4,SILVER LAKE FLAT RESERVOIR,444413.00000000000,4483610.00000000000,-111.65603000000,40.50133900000,Majore Trib,American Fork River,,,2285
5912881,Reservoir,Lake,2B 3A     4,SILVER LAKE FLAT RESERVOIR 100 M OFF BOAT RAMP,444413.00000000000,4483610.00000000000,-111.65603000000,40.50133900000,Majore Trib,American Fork River,,,2285
5912890,River/Stream,River/Stream,2B 3A     4,SILVER CK AB SILVER LAKE FLAT RESERVOIR,444417.00000000000,4484227.00000000000,-111.65603600000,40.50689700000,Majore Trib,American Fork River,,,2300
5913210,River/Stream,River/Stream,1C  2B 3A     4,PROVO RIVER BL DEER CREEK RES,455105.00000000000,4472778.00000000000,-111.52908400000,40.40440400000,Majore Trib,Provo River,,,1613
5913220,Reservoir,Lake,1C 2A  3A     4,DEER CREEK RES AB DAM 01,455580.00000000000,4473299.00000000000,-111.52352300000,40.40912300000,Majore Trib,Provo River,,,1645
5913223,Reservoir,Lake,1C 2A  3A     4,DEER CREEK RES @ W SHORE 1/3MI NE OF DAM,455795.00000000000,4473853.00000000000,-111.52102700000,40.41412500000,Majore Trib,Provo River,,,1648
5913230,Reservoir,Lake,1C 2A  3A     4,DEER CREEK RES MIDLAKE 02,457264.00000000000,4475078.00000000000,-111.50379600000,40.42523800000,Majore Trib,Provo River,,,1646
5913240,Reservoir,Lake,1C 2A  3A     4,DEER CREEK RES UPPER END 03,459031.00000000000,4479292.00000000000,-111.48323800000,40.46328900000,Majore Trib,Provo River,,,1636
5913250,Reservoir,Lake,1C 2A  3A     4,DEER CREEK RES - SHORE AT W CONTROL 04A,456816.00000000000,4475142.00000000000,-111.50908100000,40.42579100000,Majore Trib,Provo River,,,1650
5913260,Reservoir,Lake,1C 2A  3A     4,DEER CREEK RES - SHORE AT W CONTROL 04B,456793.00000000000,4475142.00000000000,-111.50935200000,40.42579000000,Majore Trib,Provo River,,,1652
5913280,Reservoir,Lake,1C 2A  3A     4,DEER CREEK RES - SHORE AT W CONTROL 04D,456769.00000000000,4475142.00000000000,-111.50963500000,40.42578900000,Majore Trib,Provo River,,,1653
5913290,Reservoir,Lake,1C 2A  3A     4,DEER CREEK RES - SHORE AT STATE PARK 05A,456881.00000000000,4474093.00000000000,-111.50824400000,40.41634400000,Majore Trib,Provo River,,,1648
5913300,Reservoir,Lake,1C 2A  3A     4,DEER CREEK RES - SHORE AT STATE PARK 05B,456881.00000000000,4474062.00000000000,-111.50824200000,40.41606500000,Majore Trib,Provo River,,,1649
5913320,Reservoir,Lake,1C 2A  3A     4,DEER CREEK RES - SHORE AT STATE PARK 05D,456881.00000000000,4474062.00000000000,-111.50824200000,40.41606500000,Majore Trib,Provo River,,,1649
5913330,Reservoir,Lake,1C 2A  3A     4,DEER CREEK RES - SHORE AT SNOWS 06A,458999.00000000000,4473557.00000000000,-111.48324500000,40.41162200000,Majore Trib,Provo River,,,1648
5913340,Reservoir,Lake,1C 2A  3A     4,DEER CREEK RES - SHORE AT SNOWS 06B,458999.00000000000,4473557.00000000000,-111.48324500000,40.41162200000,Majore Trib,Provo River,,,1648
5913350,Reservoir,Lake,1C 2A  3A     4,DEER CREEK RES-SHORE AT SNOWS  06C,458999.00000000000,4473588.00000000000,-111.48324700000,40.41190200000,Majore Trib,Provo River,,,1650
5913360,Reservoir,Lake,1C 2A  3A     4,DEER CREEK RES - SHORE AT SNOWS 06D,459000.00000000000,4473619.00000000000,-111.48323700000,40.41218100000,Majore Trib,Provo River,,,1657
5913370,Reservoir,Lake,1C 2A  3A     4,DEER CREEK RES - SHORE AT ISLAND CAMP 07A,459254.00000000000,4477163.00000000000,-111.48047100000,40.44412100000,Majore Trib,Provo River,,,1643
5913380,Reservoir,Lake,1C 2A  3A     4,DEER CREEK RES - SHORE AT ISLAND CAMP 07B,459278.00000000000,4477163.00000000000,-111.48018800000,40.44412200000,Majore Trib,Provo River,,,1648
5913400,Reservoir,Lake,1C 2A  3A     4,DEER CREEK RES - SHORE AT ISLAND CAMP 07D,459325.00000000000,4477163.00000000000,-111.47963400000,40.44412400000,Majore Trib,Provo River,,,1648
5913410,Reservoir,Lake,1C 2A  3A     4,Deer Creek SP @ Island Park Marina,459332.00000000000,4477212.00000000000,-111.47955100000,40.44456300000,Majore Trib,Provo River,,,1647
5913413,Reservoir,Lake,1C 2A  3A     4,Deer Creek SP @ Rainbow Bay,458281.00000000000,4475129.00000000000,-111.49181000000,40.42574600000,Majore Trib,Provo River,,,1650
5913417,Reservoir,Lake,1C 2A  3A     4,Deer Creek SP @ Sailboat Beach,456480.00000000000,4473952.00000000000,-111.51295600000,40.41505000000,Majore Trib,Provo River,,,1649
5913430,Reservoir,Lake,1C 2A  3A     4,DEER CREEK RES 06 WEST OF ISLAND RESORT MIDCHANNEL,458740.00000000000,4477844.00000000000,-111.48657600000,40.45023000000,Majore Trib,Provo River,,,1650
5913447,Reservoir,Lake,1C 2A  3A     4,DEER CREEK RES WALLSBURG BAY MIDWAY UP CHANNEL N SHORE,457985.00000000000,4473532.00000000000,-111.49519400000,40.41134700000,Majore Trib,Provo River,,,1647
5913450,Reservoir,Lake,1C 2A  3A     4,DEER CREEK RES MIDLAKE UP WALLSBERG BAY OFF CREEK INLET 08,458267.00000000000,4473345.00000000000,-111.49185900000,40.40967600000,Majore Trib,Provo River,,,1646
5913473,Reservoir,Lake,1C 2A  3A     4,DEER CREEK RES S OF RAINBOW BAY SHORE,457994.00000000000,4475012.00000000000,-111.49518600000,40.42468000000,Majore Trib,Provo River,,,1649
5913480,Reservoir,Lake,1C 2A  3A     4,DEER CREEK RES 09 OFF MAIN PT BETWEEN RAINBOW & ISLAND BOUYS,457673.00000000000,4476555.00000000000,-111.49907300000,40.43856400000,Majore Trib,Provo River,,,1640
5913490,Reservoir,Lake,1C 2A  3A     4,DEER CREEK RES 010 100 METERS W OF OUTHOUSE,455643.00000000000,4473304.00000000000,-111.52278100000,40.40917100000,Majore Trib,Provo River,,,1642
5913500,River/Stream,River/Stream,1C  2B 3A     4,DECKER CK AB DEER CK RES,456601.00000000000,4478751.00000000000,-111.51186200000,40.45829200000,Majore Trib,Provo River,,,1726
5917600,River/Stream,River/Stream,2B   3C   4,BEER CREEK BL SALEM POND SITE #8,441724.00000000000,4434111.00000000000,-111.68325900000,40.05523100000,Majore Trib,Benjamine Slough,Yes,,1393
5917610,Lake,Lake,2A  3A     4,SALEM POND AB DAM SP01,442266.00000000000,4433706.00000000000,-111.67686900000,40.05162000000,Majore Trib,Benjamine Slough,,,1399
5917611,Lake,Lake,2A  3A     4,SALEM POND AB DAM SP01 100 M OFF BOAT RAMP,442266.00000000000,4433706.00000000000,-111.67686900000,40.05162000000,Majore Trib,Benjamine Slough,,,1399
5917620,Lake,Lake,2A  3A     4,SALEM POND SOUTH END 02,442453.00000000000,4433366.00000000000,-111.67464600000,40.04857000000,Majore Trib,Benjamine Slough,,,1400
5917622,Reservoir,Lake,2A  3A     4,Salem Pond @ Knoll Beach,442347.00000000000,4433658.00000000000,-111.67591900000,40.05119300000,Majore Trib,Benjamine Slough,,,1399
5917624,Reservoir,Lake,2A  3A     4,Salem Pond North Arm,442238.00000000000,4433732.00000000000,-111.67719400000,40.05184800000,Majore Trib,Benjamine Slough,,,1399
5917626,Reservoir,Lake,2A  3A     4,Salem Pond South Arm,442455.00000000000,4433303.00000000000,-111.67461500000,40.04800200000,Majore Trib,Benjamine Slough,,,1400
5917630,Spring,Spring,2B   3C   4,SALEM GROUNDWATER SITE #1,442428.00000000000,4433212.00000000000,-111.67492600000,40.04718100000,Majore Trib,Benjamine Slough,,,1401
5917640,Spring,Spring,2B   3C   4,SALEM GROUNDWATER SITE #2,442452.00000000000,4433242.00000000000,-111.67464700000,40.04745200000,Majore Trib,Benjamine Slough,,,1403
5917650,Spring,Spring,2B   3C   4,SALEM GROUNDWATER SITE #3,442405.00000000000,4433273.00000000000,-111.67520100000,40.04772900000,Majore Trib,Benjamine Slough,,,1401
5917660,Spring,Spring,2B   3C   4,SALEM GROUNDWATER SITE #4,442429.00000000000,4433335.00000000000,-111.67492500000,40.04828900000,Majore Trib,Benjamine Slough,,,1401
5917670,Spring,Spring,2B   3C   4,SALEM GROUNDWATER SITE #5,445274.00000000000,4433468.00000000000,-111.64158500000,40.04967600000,Majore Trib,Benjamine Slough,,,1454
5917680,Spring,Spring,2B   3C   4,SALEM GROUNDWATER SITE #6,442407.00000000000,4433520.00000000000,-111.67519900000,40.04995400000,Majore Trib,Benjamine Slough,,,1400
5917690,Spring,Spring,2B   3C   4,SALEM GROUNDWATER SITE #7,442241.00000000000,4433583.00000000000,-111.67715100000,40.05051000000,Majore Trib,Benjamine Slough,,,1401
5917830,Lake,Lake,2A  3A     4,SALEM PONDS 04,442444.00000000000,4433667.00000000000,-111.67477800000,40.05128100000,Majore Trib,Benjamine Slough,,,1397
5917880,Lake,Lake,2B 3A     4,MCCLELLAN L 01,445067.00000000000,4421198.00000000000,-111.64297400000,39.93912000000,Majore Trib,Benjamine Slough,,,2361
5917910,Lake,Lake,2B 3A     4,BIG EAST LAKE AB DAM 01,445349.00000000000,4420796.00000000000,-111.63964000000,39.93551600000,Majore Trib,Benjamine Slough,,,2403
5917911,Lake,Lake,2B 3A     4,BIG EAST LAKE AB DAM 01 100 M OFF BOAT RAMP,445349.00000000000,4420796.00000000000,-111.63964000000,39.93551600000,Majore Trib,Benjamine Slough,,,2403
5917913,River/Stream,River/Stream,2B 3A     4,Stream ab Big East Lake,445120.00000000000,4420409.00000000000,-111.64228700000,39.93201500000,Majore Trib,Benjamine Slough,,,2405
5918060,River/Stream,River/Stream,2B 3A     4,CURRANT CK BL MONA RES,425229.00000000000,4414522.00000000000,-111.87438500000,39.87745600000,Majore Trib,Currant Creek,Yes,,1488
5918061,River/Stream,River/Stream,2B 3A     4,DUPLICATE OF 5918060,425229.00000000000,4414522.00000000000,-111.87438500000,39.87745600000,Majore Trib,Currant Creek,,,1488
5918070,Reservoir,Lake,2B  3B    4,MONA RES AB DAM 01,425868.00000000000,4414269.00000000000,-111.86688400000,39.87523300000,Majore Trib,Currant Creek,,,1486
5918071,Reservoir,Lake,2B  3B    4,MONA RES AB DAM 01 100 M OFF BOAT RAMP,425868.00000000000,4414269.00000000000,-111.86688400000,39.87523300000,Majore Trib,Currant Creek,,,1486
5918080,Reservoir,Lake,2B  3B    4,MONA RES MIDLAKE SOUTH 02,425699.00000000000,4411465.00000000000,-111.86854200000,39.84995700000,Majore Trib,Currant Creek,,,1489
5918090,Reservoir,Lake,2B  3B    4,MONA RES MIDLAKE NORTH 03,426541.00000000000,4415002.00000000000,-111.85909800000,39.88189500000,Majore Trib,Currant Creek,,,1485
5918100,River/Stream,River/Stream,2B  3B    4,CURRANT CK AB MONA RES,425738.00000000000,4408143.00000000000,-111.86770900000,39.82003200000,Majore Trib,Currant Creek,Yes,,1489
5919750,River/Stream,River/Stream,2B  3B    4,SPRING CK AT 400 NORTH,434853.00000000000,4434229.00000000000,-111.76382400000,40.05579100000,Majore Trib,Benjamine Slough,Yes,,1387
5919760,River/Stream,River/Stream,2B  3B    4,SPRING CK AB CNFL/ BEER CK AT 8400 S,433974.00000000000,4436703.00000000000,-111.77438100000,40.07801100000,Majore Trib,Benjamine Slough,Yes,,1375
5919770,River/Stream,River/Stream,2B  3B    4,HOLLOW AT 400 NORTH,433574.00000000000,4434240.00000000000,-111.77881900000,40.05579100000,Majore Trib,Benjamine Slough,,,1387
5919780,River/Stream,River/Stream,2B  3B    4,HOLLOW AT 8400 SOUTH,433927.00000000000,4436703.00000000000,-111.77493200000,40.07800700000,Majore Trib,Benjamine Slough,Yes,,1376
5919790,Storm sewer,Storm sewer,6,DRAIN EAST OF STATION 202 ON 8400 SOUTH,434590.00000000000,4436698.00000000000,-111.76715600000,40.07801400000,Majore Trib,Benjamine Slough,,,1374
5919800,Storm sewer,Storm sewer,6,DRAIN EAST OF STATION 205 ON 8400 SOUTH,435027.00000000000,4436711.00000000000,-111.76202800000,40.07816700000,Majore Trib,Benjamine Slough,,,1374
5919810,River/Stream,River/Stream,2B  3B    4,SPRING CK BL SPRING LAKE,436250.00000000000,4428389.00000000000,-111.74687200000,40.00328600000,Majore Trib,Benjamine Slough,,,1438
5919812,Reservoir,Lake,2B  3B    4,Spring Lake near cement pad,436327.00000000000,4428629.00000000000,-111.74599400000,40.00545500000,Majore Trib,Benjamine Slough,,,1435
5919820,River/Stream,River/Stream,2B   3C   4,BEER CK AT ARROWHEAD ROAD,439719.00000000000,4435206.00000000000,-111.70686700000,40.06495500000,Majore Trib,Benjamine Slough,Yes,,1382
5919840,River/Stream,River/Stream,2B   3C   4,BEER CK AT 4800 WEST AND 8400 SOUTH,434335.00000000000,4437286.00000000000,-111.77020700000,40.08329100000,Majore Trib,Benjamine Slough,Yes,,1374
5919865,River/Stream,River/Stream,2B  3B    4,UNKNOWN CK AB TANNER RESERVOIR,433661.00000000000,4433254.00000000000,-111.77769800000,40.04691500000,Majore Trib,Benjamine Slough,,,1396
5919870,Storm sewer,Storm sewer,6,DRAIN AT 6000 SOUTH 4000 WEST,436170.00000000000,4441432.00000000000,-111.74909500000,40.12078300000,Majore Trib,Benjamine Slough,,,1374
5919880,Storm sewer,Storm sewer,6,DRAIN AT 3200 WEST 5600 SOUTH,437195.00000000000,4442318.00000000000,-111.73715300000,40.12884200000,Majore Trib,Benjamine Slough,,,1376
5919890,Storm sewer,Storm sewer,6,DRAIN AT 3600 WEST 5200 SOUTH,437013.00000000000,4443152.00000000000,-111.73937000000,40.13634200000,Majore Trib,Benjamine Slough,,,1374
5919900,Storm sewer,Storm sewer,6,DRAIN AT 4000 WEST 5400 SOUTH,436159.00000000000,4442913.00000000000,-111.74937000000,40.13412400000,Majore Trib,Benjamine Slough,,,1371
5919910,Storm sewer,Storm sewer,6,DRAIN AT 4000 WEST 5000 SOUTH,436161.00000000000,4443252.00000000000,-111.74938000000,40.13717900000,Majore Trib,Benjamine Slough,,,1370
5919920,River/Stream,River/Stream,2B  3B  3D  4,SPANISH FORK R AT HIGHWAY 91,444173.00000000000,4438502.00000000000,-111.65492600000,40.09495600000,Majore Trib,Spanish Fork River,Yes,,1401
5919930,River/Stream,River/Stream,2B  3B  3D  4,SPANISH FORK R AT 1150 WEST,441989.00000000000,4440892.00000000000,-111.68076000000,40.11634000000,Majore Trib,Spanish Fork River,,,1391
5919940,River/Stream,River/Stream,2B  3B  3D  4,SPANISH FORK R AT 6800 SOUTH,440822.00000000000,4439946.00000000000,-111.69436800000,40.10773600000,Majore Trib,Spanish Fork River,Yes,,1387
5919950,River/Stream,River/Stream,2B  3B  3D  4,SPANISH FORK R AT 6400 SOUTH,440567.00000000000,4440718.00000000000,-111.69743000000,40.11467300000,Majore Trib,Spanish Fork River,Yes,,1382
5919970,River/Stream,River/Stream,2B  3B  3D  4,SPANISH FORK R AT 5000 SOUTH,439170.00000000000,4443628.00000000000,-111.71409700000,40.14078900000,Majore Trib,Spanish Fork River,Yes,,1377
5919980,River/Stream,River/Stream,2B  3B  3D  4,SPANISH FK NR MOARK JUNCTION,449191.00000000000,4437081.00000000000,-111.59595000000,40.08247000000,Majore Trib,Spanish Fork River,Yes,,1438
5919988,Lake,Lake,2B 3A     4,Spanish Fork Reservoir,448898.00000000000,4435943.00000000000,-111.59929400000,40.07220200000,Majore Trib,Benjamine Slough,,,1565
5981365,Well,Well,,Brigham Creek Dairy MW-1,418148.00000000000,4420733.00000000000,-111.95796000000,39.93275500000,Majore Trib,Currant Creek,,,1420
5981366,Well,Well,,Brigham Creek Dairy MW-2,418148.00000000000,4420733.00000000000,-111.95796000000,39.93275500000,Majore Trib,Currant Creek,,,1420
5981367,Well,Well,,Brigham Creek Dairy MW-3,418148.00000000000,4420733.00000000000,-111.95796000000,39.93275500000,Majore Trib,Currant Creek,,,1420
5981368,Well,Well,,Brigham Creek Dairy Pond #1,418148.00000000000,4420733.00000000000,-111.95796000000,39.93275500000,Majore Trib,Currant Creek,,,1420
5983800,Well,Well,,Current Creek Power  Evap Pond,423623.00000000000,4408308.00000000000,-111.89243800000,39.82133100000,Majore Trib,Currant Creek,,,1539
5984600,Well,Well,,ENSIGN BICKFORD MW10D,450679.00000000000,4439629.00000000000,-111.57869200000,40.10551600000,Majore Trib,Spanish Fork River,,,1489
5984610,Well,Well,,ENSIGN BICKFORD MAPELTON #1,450640.00000000000,4442406.00000000000,-111.57936200000,40.13053200000,Majore Trib,Spanish Fork River,,,1443
5984620,Well,Well,,ENSIGN BICKFORD R-3,451191.00000000000,4439439.00000000000,-111.57267100000,40.10383400000,Majore Trib,Spanish Fork River,,,1495
5988610,River/Stream,River/Stream,2B 3A     4,Diamond Fork Bl Mouth of Brimhall Canyon,461296.00000000000,4434233.00000000000,-111.45380200000,40.05745600000,Majore Trib,Spanish Fork River,,,1559
5988620,River/Stream,River/Stream,2B 3A     4,Diamond Fork Bl Monks Hollow,466352.00000000000,4436336.00000000000,-111.39463200000,40.07662000000,Majore Trib,Spanish Fork River,,,1625
5989000,River/Stream,River/Stream,2B 3A     4,Pole CK  ab Salt CK Station 1,439175.00000000000,4399630.00000000000,-111.70993000000,39.74440300000,Majore Trib,Currant Creek,,,1847
5989010,River/Stream,River/Stream,2B 3A     4,Pole CK Station2,440614.00000000000,4401068.00000000000,-111.69326500000,39.75746000000,Majore Trib,Currant Creek,,,1942
5990680,River/Stream,River/Stream,2B 3A     4,WATER HOLLOW CREEK T13S R02E SEC10 NW1/4 SW1/4,440136.00000000000,4394597.00000000000,-111.69825600000,39.69912600000,Majore Trib,Currant Creek,,,1863
5990690,Well,Well,,PAINT MINE WELL T12S R01W SEC14 SE1/4 NE1/4,423233.00000000000,4402609.00000000000,-111.89632800000,39.76995400000,Majore Trib,Currant Creek,,,1524
5990700,Spring,Spring,,KESSLER SPRING T12S R02W SEC04 SW1/4 SE1/4,410032.00000000000,4405034.00000000000,-112.05077200000,39.79050700000,Majore Trib,Currant Creek,,,1977
5990710,River/Stream,River/Stream,,KIMBALL CREEK T11S R02W SEC26 NW1/4 SE1/4,412857.00000000000,4408732.00000000000,-112.01827400000,39.82411500000,Majore Trib,Currant Creek,,,1668
5991790,River/Stream,River/Stream,2B 3A     4,WATER HOLLOW CREEK T13S R03E SEC07 SE1/4 SE1/4,446519.00000000000,4394612.00000000000,-111.62381000000,39.69968500000,Majore Trib,Currant Creek,,,2020
5992890,Spring,Spring,2B 3A     4,LOWER SPRING CANYON T11S R1W S15 SE1/4 NE1/4,421453.00000000000,4412309.00000000000,-111.91827100000,39.85717800000,Majore Trib,Currant Creek,,,1632
5996720,Facility Industrial,Facility Other,,CRYSTAL ANIMAL BYPRODUCTS POND,422603.00000000000,4472302.00000000000,-111.91202300000,40.39772900000,Below Outlet,Jordan River,,,1387
5997050,Facility Industrial,Facility Other,,Crystal Products Sed Pond.,422603.00000000000,4472302.00000000000,-111.91202300000,40.39772900000,Below Outlet,Jordan River,,,1387
