"MonitoringLocationIdentifier","ActivityStartDate","OrganizationIdentifier","OrganizationFormalName","MonitoringLocationName","MonitoringLocationTypeName","LatitudeMeasure","LongitudeMeasure","Month","Year","ResultStatusIdentifier","NO23.d_mgL","PO4.d_mgL","CO3.d_mgL","NO3.d_mgL","Nmixed_d_mgL","DOC_mgL","TDN_mgL","NH3.d_mgL","TDP_mgL_2","TKN.d_mgL","NO2.d_mgL","DON_mgL","DO_mgL","TP_mgL","TDP_mgL","NH3.t_mgL","CO3.t_mgL","NO23.t_mgL"
"USGS-395059111501901","2008-08-20","USGS-UT","USGS Utah Water Science Center","(D-11- 1)21bbb- 1","Well",39.8496768,-111.839379,8,2008,"Accepted",1.79,0.009,NA,NA,NA,NA,NA,NA,NA,NA,NA,NA,NA,NA,NA,NA,NA,NA
"USGS-395059111501901","2012-08-14","USGS-UT","USGS Utah Water Science Center","(D-11- 1)21bbb- 1","Well",39.8496768,-111.839379,8,2012,"Preliminary",1.68,0.006,NA,NA,NA,NA,NA,NA,NA,NA,NA,NA,NA,NA,NA,NA,NA,NA
"USGS-395059111501901","2018-05-29","USGS-UT","USGS Utah Water Science Center","(D-11- 1)21bbb- 1","Well",39.8496768,-111.839379,5,2018,"Accepted",1.76,0.007,NA,NA,NA,NA,NA,NA,NA,NA,NA,NA,NA,NA,NA,NA,NA,NA
"USGS-395326111585001","2007-08-22","USGS-UT","USGS Utah Water Science Center","(C-11- 1) 6abc- 1","Well",39.89050778,-111.9813303,8,2007,"Accepted",6.37,0.04,NA,NA,NA,NA,NA,NA,NA,NA,NA,NA,NA,NA,NA,NA,NA,NA
"USGS-395340111590001","2007-08-22","USGS-UT","USGS Utah Water Science Center","(C-10- 1)31cdd- 1","Well",39.89356329,-111.9846638,8,2007,"Accepted",11.8,0.032,NA,NA,NA,NA,NA,NA,NA,NA,NA,NA,NA,NA,NA,NA,NA,NA
"USGS-395340111590001","2008-09-05","USGS-UT","USGS Utah Water Science Center","(C-10- 1)31cdd- 1","Well",39.89356329,-111.9846638,9,2008,"Accepted",12.2,0.019,NA,NA,NA,NA,NA,NA,NA,NA,NA,NA,NA,NA,NA,NA,NA,NA
"USGS-395340111590001","2011-08-08","USGS-UT","USGS Utah Water Science Center","(C-10- 1)31cdd- 1","Well",39.89356329,-111.9846638,8,2011,"Preliminary",11.5,0.034,NA,NA,NA,NA,NA,NA,NA,NA,NA,NA,NA,NA,NA,NA,NA,NA
"USGS-395340111590001","2014-07-01","USGS-UT","USGS Utah Water Science Center","(C-10- 1)31cdd- 1","Well",39.89356329,-111.9846638,7,2014,"Accepted",11.6,0.03,NA,NA,NA,NA,NA,NA,NA,NA,NA,NA,NA,NA,NA,NA,NA,NA
"USGS-395340111590001","2017-06-28","USGS-UT","USGS Utah Water Science Center","(C-10- 1)31cdd- 1","Well",39.89356329,-111.9846638,6,2017,"Accepted",11.1,0.031,NA,NA,NA,NA,NA,NA,NA,NA,NA,NA,NA,NA,NA,NA,NA,NA
"USGS-395825111571801","2007-08-22","USGS-UT","USGS Utah Water Science Center","(C-10- 1) 4cbb- 1","Well",39.9738413,-111.95633,8,2007,"Accepted",3.32,0.032,NA,NA,NA,NA,NA,NA,NA,NA,NA,NA,NA,NA,NA,NA,NA,NA
"USGS-395832111413101","2015-08-11","USGS-UT","USGS Utah Water Science Center","(D-10- 2) 3daa-S1","Spring",39.97551079,-111.6927045,8,2015,"Preliminary",0.085,0.004,0,0.085,0.09,0.28,NA,NA,NA,NA,NA,NA,NA,NA,NA,NA,NA,NA
"USGS-395848111571801","2009-07-22","USGS-UT","USGS Utah Water Science Center","(C-10- 1) 4bbb- 1","Well",39.9799524,-111.9557744,7,2009,"Accepted",3.54,0.016,NA,NA,NA,NA,NA,NA,NA,NA,NA,NA,NA,NA,NA,NA,NA,NA
"USGS-395942111470801","2000-06-14","USGS-UT","USGS Utah Water Science Center","(D- 9- 1)36bbc- 1","Well",39.9955099,-111.7863219,6,2000,"Accepted",1.85,NA,NA,NA,NA,NA,NA,NA,NA,NA,NA,NA,NA,NA,NA,NA,NA,NA
"USGS-395942111470801","2005-08-23","USGS-UT","USGS Utah Water Science Center","(D- 9- 1)36bbc- 1","Well",39.9955099,-111.7863219,8,2005,"Accepted",1.94,NA,NA,NA,NA,NA,NA,NA,NA,NA,NA,NA,NA,NA,NA,NA,NA,NA
"USGS-395942111470801","2006-08-10","USGS-UT","USGS Utah Water Science Center","(D- 9- 1)36bbc- 1","Well",39.9955099,-111.7863219,8,2006,"Accepted",2.25,0.013,NA,NA,NA,NA,NA,NA,NA,NA,NA,NA,NA,NA,NA,NA,NA,NA
"USGS-395942111470801","2007-08-22","USGS-UT","USGS Utah Water Science Center","(D- 9- 1)36bbc- 1","Well",39.9955099,-111.7863219,8,2007,"Accepted",1.85,0.014,NA,NA,NA,NA,NA,NA,NA,NA,NA,NA,NA,NA,NA,NA,NA,NA
"USGS-395942111470801","2008-07-17","USGS-UT","USGS Utah Water Science Center","(D- 9- 1)36bbc- 1","Well",39.9955099,-111.7863219,7,2008,"Accepted",1.92,0.015,NA,NA,NA,NA,NA,NA,NA,NA,NA,NA,NA,NA,NA,NA,NA,NA
"USGS-395942111470801","2010-07-28","USGS-UT","USGS Utah Water Science Center","(D- 9- 1)36bbc- 1","Well",39.9955099,-111.7863219,7,2010,"Accepted",2.19,0.013,NA,NA,NA,NA,NA,NA,NA,NA,NA,NA,NA,NA,NA,NA,NA,NA
"USGS-395942111470801","2012-07-24","USGS-UT","USGS Utah Water Science Center","(D- 9- 1)36bbc- 1","Well",39.9955099,-111.7863219,7,2012,"Accepted",2.41,0.01,NA,NA,NA,NA,NA,NA,NA,NA,NA,NA,NA,NA,NA,NA,NA,NA
"USGS-395942111470801","2013-07-02","USGS-UT","USGS Utah Water Science Center","(D- 9- 1)36bbc- 1","Well",39.9955099,-111.7863219,7,2013,"Accepted",2.37,0.012,NA,NA,NA,NA,NA,NA,NA,NA,NA,NA,NA,NA,NA,NA,NA,NA
"USGS-395942111470801","2014-07-16","USGS-UT","USGS Utah Water Science Center","(D- 9- 1)36bbc- 1","Well",39.9955099,-111.7863219,7,2014,"Accepted",2.92,0.01,NA,NA,NA,NA,NA,NA,NA,NA,NA,NA,NA,NA,NA,NA,NA,NA
"USGS-395942111470801","2015-06-22","USGS-UT","USGS Utah Water Science Center","(D- 9- 1)36bbc- 1","Well",39.9955099,-111.7863219,6,2015,"Accepted",2,0.012,NA,NA,NA,NA,NA,NA,NA,NA,NA,NA,NA,NA,NA,NA,NA,NA
"USGS-395942111470801","2016-07-01","USGS-UT","USGS Utah Water Science Center","(D- 9- 1)36bbc- 1","Well",39.9955099,-111.7863219,7,2016,"Accepted",1.83,0.011,NA,NA,NA,NA,NA,NA,NA,NA,NA,NA,NA,NA,NA,NA,NA,NA
"USGS-395942111470801","2018-06-27","USGS-UT","USGS Utah Water Science Center","(D- 9- 1)36bbc- 1","Well",39.9955099,-111.7863219,6,2018,"Accepted",2.22,0.011,NA,NA,NA,NA,NA,NA,NA,NA,NA,NA,NA,NA,NA,NA,NA,NA
"USGS-395947111444800","2018-06-26","USGS-UT","USGS Utah Water Science Center","(D- 9- 2)32bbb- 1","Well",39.99634365,-111.7482645,6,2018,"Accepted",0.257,0.013,NA,NA,NA,NA,NA,NA,NA,NA,NA,NA,NA,NA,NA,NA,NA,NA
"USGS-395954111453101","2019-09-03","USGS-UT","USGS Utah Water Science Center","(D- 9- 2)30cdd- 1","Well",39.9983611,-111.7586389,9,2019,"Preliminary",2.4,0.03,NA,NA,NA,NA,NA,NA,NA,NA,NA,NA,NA,NA,NA,NA,NA,NA
"USGS-395956111572101","2000-06-14","USGS-UT","USGS Utah Water Science Center","(C- 9- 1)28ccb- 1","Well",39.99884126,-111.956608,6,2000,"Accepted",11,NA,NA,NA,NA,NA,NA,NA,NA,NA,NA,NA,NA,NA,NA,NA,NA,NA
"USGS-395956111572101","2005-08-12","USGS-UT","USGS Utah Water Science Center","(C- 9- 1)28ccb- 1","Well",39.99884126,-111.956608,8,2005,"Accepted",14.1,NA,NA,NA,NA,NA,NA,NA,NA,NA,NA,NA,NA,NA,NA,NA,NA,NA
"USGS-395956111572101","2008-09-05","USGS-UT","USGS Utah Water Science Center","(C- 9- 1)28ccb- 1","Well",39.99884126,-111.956608,9,2008,"Accepted",17.4,0.015,NA,NA,NA,NA,NA,NA,NA,NA,NA,NA,NA,NA,NA,NA,NA,NA
"USGS-395956111572101","2009-07-22","USGS-UT","USGS Utah Water Science Center","(C- 9- 1)28ccb- 1","Well",39.99884126,-111.956608,7,2009,"Accepted",17.9,0.033,NA,NA,NA,NA,NA,NA,NA,NA,NA,NA,NA,NA,NA,NA,NA,NA
"USGS-395956111572101","2010-07-28","USGS-UT","USGS Utah Water Science Center","(C- 9- 1)28ccb- 1","Well",39.99884126,-111.956608,7,2010,"Accepted",19.1,0.03,NA,NA,NA,NA,NA,NA,NA,NA,NA,NA,NA,NA,NA,NA,NA,NA
"USGS-395956111572101","2011-08-08","USGS-UT","USGS Utah Water Science Center","(C- 9- 1)28ccb- 1","Well",39.99884126,-111.956608,8,2011,"Accepted",20.2,0.03,NA,NA,NA,NA,NA,NA,NA,NA,NA,NA,NA,NA,NA,NA,NA,NA
"USGS-395956111572101","2012-07-24","USGS-UT","USGS Utah Water Science Center","(C- 9- 1)28ccb- 1","Well",39.99884126,-111.956608,7,2012,"Accepted",21.7,0.023,NA,NA,NA,NA,NA,NA,NA,NA,NA,NA,NA,NA,NA,NA,NA,NA
"USGS-395956111572101","2013-07-02","USGS-UT","USGS Utah Water Science Center","(C- 9- 1)28ccb- 1","Well",39.99884126,-111.956608,7,2013,"Accepted",23.5,0.027,NA,NA,NA,NA,NA,NA,NA,NA,NA,NA,NA,NA,NA,NA,NA,NA
"USGS-395956111572101","2014-07-01","USGS-UT","USGS Utah Water Science Center","(C- 9- 1)28ccb- 1","Well",39.99884126,-111.956608,7,2014,"Accepted",25.7,0.024,NA,NA,NA,NA,NA,NA,NA,NA,NA,NA,NA,NA,NA,NA,NA,NA
"USGS-395956111572101","2015-06-22","USGS-UT","USGS Utah Water Science Center","(C- 9- 1)28ccb- 1","Well",39.99884126,-111.956608,6,2015,"Accepted",22.9,0.028,NA,NA,NA,NA,NA,NA,NA,NA,NA,NA,NA,NA,NA,NA,NA,NA
"USGS-395956111572101","2016-06-28","USGS-UT","USGS Utah Water Science Center","(C- 9- 1)28ccb- 1","Well",39.99884126,-111.956608,6,2016,"Accepted",28.3,0.024,NA,NA,NA,NA,NA,NA,NA,NA,NA,NA,NA,NA,NA,NA,NA,NA
"USGS-395956111572101","2017-06-28","USGS-UT","USGS Utah Water Science Center","(C- 9- 1)28ccb- 1","Well",39.99884126,-111.956608,6,2017,"Accepted",29,0.025,NA,NA,NA,NA,NA,NA,NA,NA,NA,NA,NA,NA,NA,NA,NA,NA
"USGS-395956111572101","2018-06-26","USGS-UT","USGS Utah Water Science Center","(C- 9- 1)28ccb- 1","Well",39.99884126,-111.956608,6,2018,"Accepted",28.1,0.034,NA,NA,NA,NA,NA,NA,NA,NA,NA,NA,NA,NA,NA,NA,NA,NA
"USGS-400015111575301","2008-07-14","USGS-UT","USGS Utah Water Science Center","(C- 9- 1)29acc- 1","Well",40.0041189,-111.9654972,7,2008,"Accepted",16.6,0.038,NA,NA,NA,NA,NA,NA,NA,NA,NA,NA,NA,NA,NA,NA,NA,NA
"USGS-400015111575301","2010-07-28","USGS-UT","USGS Utah Water Science Center","(C- 9- 1)29acc- 1","Well",40.0041189,-111.9654972,7,2010,"Accepted",18.1,0.03,NA,NA,NA,NA,NA,NA,NA,NA,NA,NA,NA,NA,NA,NA,NA,NA
"USGS-400015111575301","2013-07-02","USGS-UT","USGS Utah Water Science Center","(C- 9- 1)29acc- 1","Well",40.0041189,-111.9654972,7,2013,"Preliminary",23.7,0.028,NA,NA,NA,NA,NA,NA,NA,NA,NA,NA,NA,NA,NA,NA,NA,NA
"USGS-400023111402200","2007-08-22","USGS-UT","USGS Utah Water Science Center","(D- 9- 2)26add- 1","Well",40.007455,-111.6746474,8,2007,"Accepted",2.67,0.014,NA,NA,NA,NA,NA,NA,NA,NA,NA,NA,NA,NA,NA,NA,NA,NA
"USGS-400023111402200","2009-07-28","USGS-UT","USGS Utah Water Science Center","(D- 9- 2)26add- 1","Well",40.007455,-111.6746474,7,2009,"Accepted",2.65,0.015,NA,NA,NA,NA,NA,NA,NA,NA,NA,NA,NA,NA,NA,NA,NA,NA
"USGS-400026111484301","2003-05-20","USGS-UT","USGS Utah Water Science Center","(D- 9- 1)27acb- 1","Well",40.0070373,-111.8127954,5,2003,"Accepted",1.09,NA,NA,1.09,NA,0.16,NA,NA,NA,NA,NA,NA,NA,NA,NA,NA,NA,NA
"USGS-400040111572701","2008-07-14","USGS-UT","USGS Utah Water Science Center","(C- 9- 1)20ddd- 1","Well",40.0110634,-111.9582745,7,2008,"Accepted",32.5,0.039,NA,NA,NA,NA,NA,NA,NA,NA,NA,NA,NA,NA,NA,NA,NA,NA
"USGS-400309111565101","2009-07-22","USGS-UT","USGS Utah Water Science Center","(C- 9- 1) 4ddc- 1","Well",40.0543967,-111.9432729,7,2009,"Accepted",2.25,0.034,NA,NA,NA,NA,NA,NA,NA,NA,NA,NA,NA,NA,NA,NA,NA,NA
"USGS-400309111565101","2010-07-28","USGS-UT","USGS Utah Water Science Center","(C- 9- 1) 4ddc- 1","Well",40.0543967,-111.9432729,7,2010,"Accepted",2.29,0.038,NA,NA,NA,NA,NA,NA,NA,NA,NA,NA,NA,NA,NA,NA,NA,NA
"USGS-400309111565101","2012-07-24","USGS-UT","USGS Utah Water Science Center","(C- 9- 1) 4ddc- 1","Well",40.0543967,-111.9432729,7,2012,"Preliminary",2.34,0.024,NA,NA,NA,NA,NA,NA,NA,NA,NA,NA,NA,NA,NA,NA,NA,NA
"USGS-400309111565101","2015-06-22","USGS-UT","USGS Utah Water Science Center","(C- 9- 1) 4ddc- 1","Well",40.0543967,-111.9432729,6,2015,"Accepted",2.54,0.029,NA,NA,NA,NA,NA,NA,NA,NA,NA,NA,NA,NA,NA,NA,NA,NA
"USGS-400309111565101","2018-06-26","USGS-UT","USGS Utah Water Science Center","(C- 9- 1) 4ddc- 1","Well",40.0543967,-111.9432729,6,2018,"Accepted",3.13,0.026,NA,NA,NA,NA,NA,NA,NA,NA,NA,NA,NA,NA,NA,NA,NA,NA
"USGS-400311111432001","2000-06-14","USGS-UT","USGS Utah Water Science Center","(D- 9- 2) 9bac- 1","Well",40.0530101,-111.7229843,6,2000,"Accepted",3.71,NA,NA,NA,NA,NA,NA,NA,NA,NA,NA,NA,NA,NA,NA,NA,NA,NA
"USGS-400311111432001","2007-08-22","USGS-UT","USGS Utah Water Science Center","(D- 9- 2) 9bac- 1","Well",40.0530101,-111.7229843,8,2007,"Accepted",3.63,0.038,NA,NA,NA,NA,NA,NA,NA,NA,NA,NA,NA,NA,NA,NA,NA,NA
"USGS-400311111432001","2009-07-28","USGS-UT","USGS Utah Water Science Center","(D- 9- 2) 9bac- 1","Well",40.0530101,-111.7229843,7,2009,"Accepted",4.05,0.038,NA,NA,NA,NA,NA,NA,NA,NA,NA,NA,NA,NA,NA,NA,NA,NA
"USGS-400311111432001","2012-07-23","USGS-UT","USGS Utah Water Science Center","(D- 9- 2) 9bac- 1","Well",40.0530101,-111.7229843,7,2012,"Preliminary",3.98,0.032,NA,NA,NA,NA,NA,NA,NA,NA,NA,NA,NA,NA,NA,NA,NA,NA
"USGS-400311111432001","2015-06-22","USGS-UT","USGS Utah Water Science Center","(D- 9- 2) 9bac- 1","Well",40.0530101,-111.7229843,6,2015,"Accepted",3.38,0.038,NA,NA,NA,NA,NA,NA,NA,NA,NA,NA,NA,NA,NA,NA,NA,NA
"USGS-400315111572001","2000-06-14","USGS-UT","USGS Utah Water Science Center","(C- 9- 1) 4ccc- 1","Well",40.05439657,-111.9560513,6,2000,"Accepted",8.85,NA,NA,NA,NA,NA,NA,NA,NA,NA,NA,NA,NA,NA,NA,NA,NA,NA
"USGS-400315111572001","2008-07-14","USGS-UT","USGS Utah Water Science Center","(C- 9- 1) 4ccc- 1","Well",40.05439657,-111.9560513,7,2008,"Accepted",11.3,0.037,NA,NA,NA,NA,NA,NA,NA,NA,NA,NA,NA,NA,NA,NA,NA,NA
"USGS-400325111552501","2006-08-10","USGS-UT","USGS Utah Water Science Center","(C- 9- 1) 3ddb- 1","Well",40.05828578,-111.924383,8,2006,"Accepted",0.98,0.034,NA,NA,NA,NA,NA,NA,NA,NA,NA,NA,NA,NA,NA,NA,NA,NA
"USGS-400325111552501","2007-08-22","USGS-UT","USGS Utah Water Science Center","(C- 9- 1) 3ddb- 1","Well",40.05828578,-111.924383,8,2007,"Accepted",0.97,0.036,NA,NA,NA,NA,NA,NA,NA,NA,NA,NA,NA,NA,NA,NA,NA,NA
"USGS-400325111552501","2011-08-08","USGS-UT","USGS Utah Water Science Center","(C- 9- 1) 3ddb- 1","Well",40.05828578,-111.924383,8,2011,"Preliminary",0.89,0.028,NA,NA,NA,NA,NA,NA,NA,NA,NA,NA,NA,NA,NA,NA,NA,NA
"USGS-400325111552501","2014-07-01","USGS-UT","USGS Utah Water Science Center","(C- 9- 1) 3ddb- 1","Well",40.05828578,-111.924383,7,2014,"Accepted",0.926,0.027,NA,NA,NA,NA,NA,NA,NA,NA,NA,NA,NA,NA,NA,NA,NA,NA
"USGS-400325111552501","2017-06-28","USGS-UT","USGS Utah Water Science Center","(C- 9- 1) 3ddb- 1","Well",40.05828578,-111.924383,6,2017,"Accepted",1.02,0.031,NA,NA,NA,NA,NA,NA,NA,NA,NA,NA,NA,NA,NA,NA,NA,NA
"USGS-400407111375101","2013-07-01","USGS-UT","USGS Utah Water Science Center","(D- 9- 3) 5bbd- 1","Well",40.0693997,-111.6324215,7,2013,"Preliminary",NA,0.015,NA,NA,NA,NA,NA,NA,NA,NA,NA,NA,NA,NA,NA,NA,NA,NA
"USGS-400407111375101","2016-06-27","USGS-UT","USGS Utah Water Science Center","(D- 9- 3) 5bbd- 1","Well",40.0693997,-111.6324215,6,2016,"Accepted",1.02,0.02,NA,NA,NA,NA,NA,NA,NA,NA,NA,NA,NA,NA,NA,NA,NA,NA
"USGS-400422111454201","2010-07-28","USGS-UT","USGS Utah Water Science Center","(D- 8- 2)31cdb- 1","Well",40.07273184,-111.762709,7,2010,"Accepted",0.03,0.047,NA,NA,NA,NA,NA,NA,NA,NA,NA,NA,NA,NA,NA,NA,NA,NA
"USGS-400422111454201","2013-07-02","USGS-UT","USGS Utah Water Science Center","(D- 8- 2)31cdb- 1","Well",40.07273184,-111.762709,7,2013,"Preliminary",NA,0.057,NA,NA,NA,NA,NA,NA,NA,NA,NA,NA,NA,NA,NA,NA,NA,NA
"USGS-400422111454201","2016-06-28","USGS-UT","USGS Utah Water Science Center","(D- 8- 2)31cdb- 1","Well",40.07273184,-111.762709,6,2016,"Accepted",NA,0.083,NA,NA,NA,NA,NA,NA,NA,NA,NA,NA,NA,NA,NA,NA,NA,NA
"USGS-400423111454001","2011-08-30","USGS-UT","USGS Utah Water Science Center","(D- 8- 2)31cdb- 2","Well",40.0730096,-111.7618757,8,2011,"Preliminary",0.02,0.033,NA,NA,NA,NA,NA,NA,NA,NA,NA,NA,NA,NA,NA,NA,NA,NA
"USGS-400423111454001","2014-07-15","USGS-UT","USGS Utah Water Science Center","(D- 8- 2)31cdb- 2","Well",40.0730096,-111.7618757,7,2014,"Accepted",NA,0.015,NA,NA,NA,NA,NA,NA,NA,NA,NA,NA,NA,NA,NA,NA,NA,NA
"USGS-400423111454001","2017-06-26","USGS-UT","USGS Utah Water Science Center","(D- 8- 2)31cdb- 2","Well",40.0730096,-111.7618757,6,2017,"Accepted",NA,0.024,NA,NA,NA,NA,NA,NA,NA,NA,NA,NA,NA,NA,NA,NA,NA,NA
"USGS-400941111352701","2001-07-17","USGS-UT","USGS Utah Water Science Center","(D- 7- 3)34cdb- 1","Well",40.16134486,-111.5915845,7,2001,"Accepted",1.1,NA,NA,NA,NA,NA,NA,NA,NA,NA,NA,NA,NA,NA,NA,NA,NA,NA
"USGS-401012111354801","2013-08-14","USGS-UT","USGS Utah Water Science Center","(D- 7- 3)34bcb- 1","Well",40.1695833,-111.5969722,8,2013,"Accepted",0.838,0.012,NA,0.838,0.92,NA,17.6,NA,NA,NA,NA,NA,NA,NA,NA,NA,NA,NA
"USGS-401012111354801","2013-08-14","USGS-UT","USGS Utah Water Science Center","(D- 7- 3)34bcb- 1","Well",40.1695833,-111.5969722,8,2013,"Preliminary",NA,NA,NA,NA,NA,NA,17.45,NA,NA,NA,NA,NA,NA,NA,NA,NA,NA,NA
"USGS-401325111410901","2008-07-17","USGS-UT","USGS Utah Water Science Center","(D- 7- 2)11caa- 1","Well",40.22381545,-111.686897,7,2008,"Accepted",0.02,0.02,NA,NA,NA,NA,NA,NA,NA,NA,NA,NA,NA,NA,NA,NA,NA,NA
"USGS-401325111410901","2011-08-09","USGS-UT","USGS Utah Water Science Center","(D- 7- 2)11caa- 1","Well",40.22381545,-111.686897,8,2011,"Preliminary",NA,0.015,NA,NA,NA,NA,NA,NA,NA,NA,NA,NA,NA,NA,NA,NA,NA,NA
"USGS-401325111410901","2017-06-26","USGS-UT","USGS Utah Water Science Center","(D- 7- 2)11caa- 1","Well",40.22381545,-111.686897,6,2017,"Accepted",NA,0.015,NA,NA,NA,NA,NA,NA,NA,NA,NA,NA,NA,NA,NA,NA,NA,NA
"USGS-401332111414401","2014-07-15","USGS-UT","USGS Utah Water Science Center","(D- 7- 2)10adc- 3","Well",40.22564856,-111.6976755,7,2014,"Accepted",NA,0.028,NA,NA,NA,NA,NA,NA,NA,NA,NA,NA,NA,NA,NA,NA,NA,NA
"USGS-401410111435301","2004-09-09","USGS-UT","USGS Utah Water Science Center","(D- 7- 2) 4cbc- 1","Well",40.23617559,-111.7325392,9,2004,"Accepted",NA,0.031,NA,NA,0.33,NA,0.02,0.32,0.041,NA,NA,NA,NA,NA,NA,NA,NA,NA
"USGS-401410111435301","2019-08-09","USGS-UT","USGS Utah Water Science Center","(D- 7- 2) 4cbc- 1","Well",40.23617559,-111.7325392,8,2019,"Preliminary",NA,0.047,NA,NA,NA,NA,NA,NA,NA,NA,NA,NA,NA,NA,NA,NA,NA,NA
"USGS-401414111435301","2001-07-17","USGS-UT","USGS Utah Water Science Center","(D- 7- 2) 4cbb- 2","Well",40.23755556,-111.7318889,7,2001,"Accepted",0.09,NA,NA,NA,NA,NA,NA,NA,NA,NA,NA,NA,NA,NA,NA,NA,NA,NA
"USGS-401414111435301","2004-09-08","USGS-UT","USGS Utah Water Science Center","(D- 7- 2) 4cbb- 2","Well",40.23755556,-111.7318889,9,2004,"Accepted",NA,0.023,NA,NA,0.28,NA,0.02,0.26,0.013,NA,NA,NA,NA,NA,NA,NA,NA,NA
"USGS-401414111435301","2005-08-26","USGS-UT","USGS Utah Water Science Center","(D- 7- 2) 4cbb- 2","Well",40.23755556,-111.7318889,8,2005,"Accepted",NA,0.02,NA,NA,NA,NA,NA,NA,NA,NA,NA,NA,NA,NA,NA,NA,NA,NA
"USGS-401414111435301","2007-08-23","USGS-UT","USGS Utah Water Science Center","(D- 7- 2) 4cbb- 2","Well",40.23755556,-111.7318889,8,2007,"Accepted",NA,0.018,NA,NA,NA,NA,NA,NA,NA,NA,NA,NA,NA,NA,NA,NA,NA,NA
"USGS-401414111435301","2008-07-17","USGS-UT","USGS Utah Water Science Center","(D- 7- 2) 4cbb- 2","Well",40.23755556,-111.7318889,7,2008,"Accepted",0.02,0.031,NA,NA,NA,NA,NA,NA,NA,NA,NA,NA,NA,NA,NA,NA,NA,NA
"USGS-401414111435301","2009-07-28","USGS-UT","USGS Utah Water Science Center","(D- 7- 2) 4cbb- 2","Well",40.23755556,-111.7318889,7,2009,"Accepted",NA,0.028,NA,NA,NA,NA,NA,NA,NA,NA,NA,NA,NA,NA,NA,NA,NA,NA
"USGS-401414111435301","2010-08-02","USGS-UT","USGS Utah Water Science Center","(D- 7- 2) 4cbb- 2","Well",40.23755556,-111.7318889,8,2010,"Accepted",NA,0.039,NA,NA,NA,NA,NA,NA,NA,NA,NA,NA,NA,NA,NA,NA,NA,NA
"USGS-401414111435301","2011-08-09","USGS-UT","USGS Utah Water Science Center","(D- 7- 2) 4cbb- 2","Well",40.23755556,-111.7318889,8,2011,"Accepted",NA,0.027,NA,NA,NA,NA,NA,NA,NA,NA,NA,NA,NA,NA,NA,NA,NA,NA
"USGS-401414111435301","2012-07-23","USGS-UT","USGS Utah Water Science Center","(D- 7- 2) 4cbb- 2","Well",40.23755556,-111.7318889,7,2012,"Accepted",NA,0.024,NA,NA,NA,NA,NA,NA,NA,NA,NA,NA,NA,NA,NA,NA,NA,NA
"USGS-401414111435301","2014-07-15","USGS-UT","USGS Utah Water Science Center","(D- 7- 2) 4cbb- 2","Well",40.23755556,-111.7318889,7,2014,"Accepted",NA,0.021,NA,NA,NA,NA,NA,NA,NA,NA,NA,NA,NA,NA,NA,NA,NA,NA
"USGS-401414111435301","2015-06-22","USGS-UT","USGS Utah Water Science Center","(D- 7- 2) 4cbb- 2","Well",40.23755556,-111.7318889,6,2015,"Accepted",NA,0.031,NA,NA,NA,NA,NA,NA,NA,NA,NA,NA,NA,NA,NA,NA,NA,NA
"USGS-401414111435301","2018-06-25","USGS-UT","USGS Utah Water Science Center","(D- 7- 2) 4cbb- 2","Well",40.23755556,-111.7318889,6,2018,"Accepted",NA,0.039,NA,NA,NA,NA,NA,NA,NA,NA,NA,NA,NA,NA,NA,NA,NA,NA
"USGS-401541111425001","2017-06-28","USGS-UT","USGS Utah Water Science Center","(D- 6- 2)28ddd- 3","Well",40.26130556,-111.7147778,6,2017,"Accepted",0.442,0.095,NA,NA,NA,NA,NA,NA,NA,NA,NA,NA,NA,NA,NA,NA,NA,NA
"USGS-401604111435001","2004-08-13","USGS-UT","USGS Utah Water Science Center","(D- 6- 2)28cba-S1","Spring",40.26766667,-111.7305278,8,2004,"Accepted",0.56,0.031,NA,0.557,0.56,NA,0.02,NA,0.036,NA,NA,NA,NA,NA,NA,NA,NA,NA
"USGS-401654111400101","2003-08-27","USGS-UT","USGS Utah Water Science Center","(D- 6- 2)24caa- 1   S25","Well",40.28173206,-111.6677288,8,2003,"Accepted",0.42,0.01,NA,0.418,0.47,NA,NA,NA,NA,0.05,NA,NA,NA,NA,NA,NA,NA,NA
"USGS-401654111400101","2003-11-24","USGS-UT","USGS Utah Water Science Center","(D- 6- 2)24caa- 1   S25","Well",40.28173206,-111.6677288,11,2003,"Accepted",0.44,0.008,NA,0.444,0.43,NA,NA,NA,NA,NA,NA,NA,NA,NA,NA,NA,NA,NA
"USGS-401654111400101","2004-02-24","USGS-UT","USGS Utah Water Science Center","(D- 6- 2)24caa- 1   S25","Well",40.28173206,-111.6677288,2,2004,"Accepted",0.4,0.008,NA,0.397,0.42,NA,NA,NA,NA,NA,NA,NA,NA,NA,NA,NA,NA,NA
"USGS-401654111400101","2004-05-26","USGS-UT","USGS Utah Water Science Center","(D- 6- 2)24caa- 1   S25","Well",40.28173206,-111.6677288,5,2004,"Accepted",0.45,0.007,NA,0.444,0.44,NA,NA,NA,NA,NA,0.007,NA,NA,NA,NA,NA,NA,NA
"USGS-401654111400101","2004-08-24","USGS-UT","USGS Utah Water Science Center","(D- 6- 2)24caa- 1   S25","Well",40.28173206,-111.6677288,8,2004,"Accepted",0.44,0.008,NA,0.442,0.44,NA,NA,NA,NA,NA,NA,NA,NA,NA,NA,NA,NA,NA
"USGS-401654111400101","2006-08-28","USGS-UT","USGS Utah Water Science Center","(D- 6- 2)24caa- 1   S25","Well",40.28173206,-111.6677288,8,2006,"Accepted",0.55,0.013,NA,0.549,0.6,NA,NA,0.008,NA,NA,NA,0.04,NA,NA,NA,NA,NA,NA
"USGS-401654111400101","2008-08-08","USGS-UT","USGS Utah Water Science Center","(D- 6- 2)24caa- 1   S25","Well",40.28173206,-111.6677288,8,2008,"Accepted",0.46,0.016,NA,0.46,0.5,NA,NA,NA,NA,NA,NA,NA,NA,NA,NA,NA,NA,NA
"USGS-401654111400101","2010-08-24","USGS-UT","USGS Utah Water Science Center","(D- 6- 2)24caa- 1   S25","Well",40.28173206,-111.6677288,8,2010,"Accepted",0.44,0.016,NA,0.437,0.46,NA,NA,NA,NA,NA,NA,NA,NA,NA,NA,NA,NA,NA
"USGS-401654111400101","2011-09-22","USGS-UT","USGS Utah Water Science Center","(D- 6- 2)24caa- 1   S25","Well",40.28173206,-111.6677288,9,2011,"Accepted",0.58,0.014,NA,0.582,0.63,NA,NA,NA,NA,NA,NA,NA,NA,NA,NA,NA,NA,NA
"USGS-401658111521501","2003-11-13","USGS-UT","USGS Utah Water Science Center","(D- 6- 1)19adc- 1","Well",40.2828611,-111.8708056,11,2003,"Accepted",NA,NA,NA,NA,0.11,NA,0.01,0.1,NA,NA,NA,NA,NA,NA,NA,NA,NA,NA
"USGS-401702111594001","2017-07-07","USGS-UT","USGS Utah Water Science Center","(C- 6- 1)19acc- 1","Well",40.2855061,-111.9963261,7,2017,"Accepted",1.86,0.018,NA,NA,NA,NA,NA,NA,NA,NA,NA,NA,NA,NA,NA,NA,NA,NA
"USGS-401730111594501","2001-07-18","USGS-UT","USGS Utah Water Science Center","(C- 6- 1)18cdd- 1","Well",40.29411719,-111.9935483,7,2001,"Accepted",0.82,NA,NA,NA,NA,NA,NA,NA,NA,NA,NA,NA,NA,NA,NA,NA,NA,NA
"USGS-401730111594501","2005-08-09","USGS-UT","USGS Utah Water Science Center","(C- 6- 1)18cdd- 1","Well",40.29411719,-111.9935483,8,2005,"Accepted",0.87,NA,NA,NA,NA,NA,NA,NA,NA,NA,NA,NA,NA,NA,NA,NA,NA,NA
"USGS-401730111594501","2009-07-22","USGS-UT","USGS Utah Water Science Center","(C- 6- 1)18cdd- 1","Well",40.29411719,-111.9935483,7,2009,"Accepted",0.97,0.012,NA,NA,NA,NA,NA,NA,NA,NA,NA,NA,NA,NA,NA,NA,NA,NA
"USGS-401730111594501","2014-06-18","USGS-UT","USGS Utah Water Science Center","(C- 6- 1)18cdd- 1","Well",40.29411719,-111.9935483,6,2014,"Accepted",1.07,0.006,NA,NA,NA,NA,NA,NA,NA,NA,NA,NA,NA,NA,NA,NA,NA,NA
"USGS-401730111594501","2016-08-03","USGS-UT","USGS Utah Water Science Center","(C- 6- 1)18cdd- 1","Well",40.29411719,-111.9935483,8,2016,"Accepted",1.11,0.007,NA,NA,NA,NA,NA,NA,NA,NA,NA,NA,NA,NA,NA,NA,NA,NA
"USGS-401730111594502","2019-06-20","USGS-UT","USGS Utah Water Science Center","(C- 6- 1)18cdd- 2","Well",40.29161719,-111.9966039,6,2019,"Accepted",1.01,0.01,NA,NA,NA,NA,NA,NA,NA,NA,NA,NA,NA,NA,NA,NA,NA,NA
"USGS-401753111412101","2004-08-17","USGS-UT","USGS Utah Water Science Center","(D- 6- 2)14bcd- 1","Well",40.298,-111.689,8,2004,"Accepted",1.21,0.011,NA,1.21,1.18,NA,0.02,NA,0.013,NA,NA,NA,NA,NA,NA,NA,NA,NA
"USGS-401758111451001","2004-04-23","USGS-UT","USGS Utah Water Science Center","(D- 6- 2)17bcb- 1","Well",40.29952778,-111.7528889,4,2004,"Accepted",1.78,0.023,NA,1.78,1.81,NA,0.02,NA,0.027,NA,NA,NA,NA,NA,NA,NA,NA,NA
"USGS-401801111442501","2000-06-15","USGS-UT","USGS Utah Water Science Center","(D- 6- 2)17aca- 1","Well",40.29973025,-111.7407621,6,2000,"Accepted",1.12,NA,NA,NA,NA,NA,NA,NA,NA,NA,NA,NA,NA,NA,NA,NA,NA,NA
"USGS-401801111442501","2007-08-23","USGS-UT","USGS Utah Water Science Center","(D- 6- 2)17aca- 1","Well",40.29973025,-111.7407621,8,2007,"Accepted",0.95,0.036,NA,NA,NA,NA,NA,NA,NA,NA,NA,NA,NA,NA,NA,NA,NA,NA
"USGS-401801111442501","2009-07-30","USGS-UT","USGS Utah Water Science Center","(D- 6- 2)17aca- 1","Well",40.29973025,-111.7407621,7,2009,"Accepted",1.26,0.034,NA,NA,NA,NA,NA,NA,NA,NA,NA,NA,NA,NA,NA,NA,NA,NA
"USGS-401801111442501","2011-08-09","USGS-UT","USGS Utah Water Science Center","(D- 6- 2)17aca- 1","Well",40.29973025,-111.7407621,8,2011,"Accepted",1.3,0.035,NA,NA,NA,NA,NA,NA,NA,NA,NA,NA,NA,NA,NA,NA,NA,NA
"USGS-401827111392401","2004-08-16","USGS-UT","USGS Utah Water Science Center","(D- 6- 3) 7ccb- 1","Well",40.30738889,-111.657611,8,2004,"Accepted",0.53,0.006,NA,0.527,0.52,NA,0.01,NA,0.009,NA,NA,NA,NA,NA,NA,NA,NA,NA
"USGS-401832111444501","2004-04-22","USGS-UT","USGS Utah Water Science Center","(D- 6- 2) 8cac- 5","Well",40.30963889,-111.7470278,4,2004,"Accepted",0.16,0.013,NA,0.162,0.17,NA,0.02,NA,0.014,NA,NA,NA,NA,NA,NA,NA,NA,NA
"USGS-401944111375301","2015-07-28","USGS-UT","USGS Utah Water Science Center","(D- 6- 3) 6add-S1","Spring",40.3272222,-111.6427778,7,2015,"Preliminary",0.574,0.01,0,0.574,0.68,0.29,NA,NA,NA,NA,NA,NA,NA,NA,NA,NA,NA,NA
"USGS-402038111444901","2004-07-21","USGS-UT","USGS Utah Water Science Center","(D- 5- 2)32bdb- 2","Well",40.34380556,-111.7481944,7,2004,"Accepted",NA,0.006,NA,NA,0.08,NA,0.02,0.09,NA,NA,0.004,NA,NA,NA,NA,NA,NA,NA
"USGS-402038111445001","2004-07-21","USGS-UT","USGS Utah Water Science Center","(D- 5- 2)32bdb- 3","Well",40.34388889,-111.7484167,7,2004,"Accepted",NA,0.053,NA,NA,1.14,NA,0.02,1.08,NA,NA,NA,NA,NA,NA,NA,NA,NA,NA
"USGS-402103111461601","2001-07-18","USGS-UT","USGS Utah Water Science Center","(D- 5- 2)30ccb- 2","Well",40.35131256,-111.7719026,7,2001,"Accepted",2.17,NA,NA,NA,NA,NA,NA,NA,NA,NA,NA,NA,NA,NA,NA,NA,NA,NA
"USGS-402118111594501","2015-09-16","USGS-UT","USGS Utah Water Science Center","(C- 5- 1)30cab- 1","Well",40.35491667,-111.9959444,9,2015,"Preliminary",1.67,0.015,0,1.67,1.66,0.35,NA,NA,NA,NA,NA,NA,NA,NA,NA,NA,NA,NA
"USGS-402119111425501","2004-07-30","USGS-UT","USGS Utah Water Science Center","(D- 5- 2)28daa- 1","Well",40.3556111,-111.7164167,7,2004,"Accepted",2.7,0.003,NA,2.7,2.66,NA,0.02,NA,NA,NA,NA,NA,NA,NA,NA,NA,NA,NA
"USGS-402129111480301","2004-08-16","USGS-UT","USGS Utah Water Science Center","(D- 5- 1)26bda- 1","Well",40.35788889,-111.8017778,8,2004,"Accepted",1.48,0.003,NA,1.48,1.42,NA,0.02,NA,NA,NA,NA,NA,NA,NA,NA,NA,NA,NA
"USGS-402133111484601","2011-08-30","USGS-UT","USGS Utah Water Science Center","(D- 5- 1)27aac- 1","Well",40.3594233,-111.813765,8,2011,"Preliminary",2.27,0.012,NA,NA,NA,NA,NA,NA,NA,NA,NA,NA,NA,NA,NA,NA,NA,NA
"USGS-402133111484601","2014-07-15","USGS-UT","USGS Utah Water Science Center","(D- 5- 1)27aac- 1","Well",40.3594233,-111.813765,7,2014,"Accepted",2.33,0.013,NA,NA,NA,NA,NA,NA,NA,NA,NA,NA,NA,NA,NA,NA,NA,NA
"USGS-402133111484601","2017-06-26","USGS-UT","USGS Utah Water Science Center","(D- 5- 1)27aac- 1","Well",40.3594233,-111.813765,6,2017,"Accepted",2.46,0.013,NA,NA,NA,NA,NA,NA,NA,NA,NA,NA,NA,NA,NA,NA,NA,NA
"USGS-402141111422201","2004-07-29","USGS-UT","USGS Utah Water Science Center","(D- 5- 2)27baa- 1","Well",40.36152778,-111.7065833,7,2004,"Accepted",0.76,0.004,NA,0.76,0.78,NA,0.03,NA,NA,NA,NA,NA,NA,NA,NA,NA,NA,NA
"USGS-402145111531101","2001-07-18","USGS-UT","USGS Utah Water Science Center","(D- 5- 1)19ccc- 1","Well",40.362395,-111.8872672,7,2001,"Accepted",0.11,NA,NA,NA,NA,NA,NA,NA,NA,NA,NA,NA,NA,NA,NA,NA,NA,NA
"USGS-402145111531201","2004-08-02","USGS-UT","USGS Utah Water Science Center","(D- 5- 1)19ccc- 2","Well",40.36230556,-111.8867222,8,2004,"Accepted",0.07,0.009,NA,0.074,0.1,NA,0.02,0.03,NA,NA,NA,NA,NA,NA,NA,NA,NA,NA
"USGS-402145111531201","2015-07-29","USGS-UT","USGS Utah Water Science Center","(D- 5- 1)19ccc- 2","Well",40.36230556,-111.8867222,7,2015,"Preliminary",NA,0.025,0,NA,0.13,NA,NA,0.09,NA,NA,NA,NA,NA,NA,NA,NA,NA,NA
"USGS-402154111495101","2008-07-10","USGS-UT","USGS Utah Water Science Center","(D- 5- 1)21dda- 2","Well",40.365,-111.8323056,7,2008,"Accepted",0.71,0.012,NA,NA,NA,NA,NA,NA,NA,NA,NA,NA,NA,NA,NA,NA,NA,NA
"USGS-402154111495101","2012-07-23","USGS-UT","USGS Utah Water Science Center","(D- 5- 1)21dda- 2","Well",40.365,-111.8323056,7,2012,"Preliminary",0.692,0.008,NA,NA,NA,NA,NA,NA,NA,NA,NA,NA,NA,NA,NA,NA,NA,NA
"USGS-402159111520101","2008-07-14","USGS-UT","USGS Utah Water Science Center","(D- 5- 1)20cbc- 1","Well",40.36633955,-111.867711,7,2008,"Accepted",1.88,0.013,NA,NA,NA,NA,NA,NA,NA,NA,NA,NA,NA,NA,NA,NA,NA,NA
"USGS-402159111520101","2010-08-05","USGS-UT","USGS Utah Water Science Center","(D- 5- 1)20cbc- 1","Well",40.36633955,-111.867711,8,2010,"Accepted",1.88,0.018,NA,NA,NA,NA,NA,NA,NA,NA,NA,NA,NA,NA,NA,NA,NA,NA
"USGS-402159111520101","2013-07-01","USGS-UT","USGS Utah Water Science Center","(D- 5- 1)20cbc- 1","Well",40.36633955,-111.867711,7,2013,"Preliminary",1.94,0.01,NA,NA,NA,NA,NA,NA,NA,NA,NA,NA,NA,NA,NA,NA,NA,NA
"USGS-402159111520101","2016-06-27","USGS-UT","USGS Utah Water Science Center","(D- 5- 1)20cbc- 1","Well",40.36633955,-111.867711,6,2016,"Accepted",1.86,0.01,NA,NA,NA,NA,NA,NA,NA,NA,NA,NA,NA,NA,NA,NA,NA,NA
"USGS-402159111520101","2019-08-09","USGS-UT","USGS Utah Water Science Center","(D- 5- 1)20cbc- 1","Well",40.36633955,-111.867711,8,2019,"Preliminary",1.99,0.01,NA,NA,NA,NA,NA,NA,NA,NA,NA,NA,NA,NA,NA,NA,NA,NA
"USGS-402215111434701","2014-07-16","USGS-UT","USGS Utah Water Science Center","(D- 5- 2)21cba- 1","Well",40.3693962,-111.7315117,7,2014,"Accepted",2.68,0.005,NA,NA,NA,NA,NA,NA,NA,NA,NA,NA,NA,NA,NA,NA,NA,NA
"USGS-402215111434701","2019-09-03","USGS-UT","USGS Utah Water Science Center","(D- 5- 2)21cba- 1","Well",40.3693962,-111.7315117,9,2019,"Preliminary",3.77,0.007,NA,NA,NA,NA,NA,NA,NA,NA,NA,NA,NA,NA,NA,NA,NA,NA
"USGS-402215111494801","2015-09-29","USGS-UT","USGS Utah Water Science Center","(D- 5- 1)22bbc- 1","Well",40.37088889,-111.8300833,9,2015,"Accepted",1.2,0.008,NA,NA,NA,NA,NA,NA,NA,NA,NA,NA,NA,NA,NA,NA,NA,NA
"USGS-402215111494801","2018-06-25","USGS-UT","USGS Utah Water Science Center","(D- 5- 1)22bbc- 1","Well",40.37088889,-111.8300833,6,2018,"Accepted",1.35,0.01,NA,NA,NA,NA,NA,NA,NA,NA,NA,NA,NA,NA,NA,NA,NA,NA
"USGS-402219111523401","2003-09-04","USGS-UT","USGS Utah Water Science Center","(D- 5- 1)19acb- 2","Well",40.37188889,-111.8776389,9,2003,"Accepted",1.22,NA,NA,1.22,NA,NA,0.02,NA,NA,NA,NA,NA,NA,NA,NA,NA,NA,NA
"USGS-402230111523801","2003-09-12","USGS-UT","USGS Utah Water Science Center","(D- 5- 1)19abb- 3","Well",40.3750833,-111.8773333,9,2003,"Accepted",0.13,0.01,NA,0.134,NA,NA,0.02,NA,NA,NA,NA,NA,NA,NA,NA,NA,NA,NA
"USGS-402234111511501","2006-08-10","USGS-UT","USGS Utah Water Science Center","(D- 5- 1)20aba- 2","Well",40.37664507,-111.855044,8,2006,"Accepted",2.34,0.01,NA,NA,NA,NA,NA,NA,NA,NA,NA,NA,NA,NA,NA,NA,NA,NA
"USGS-402234111511501","2012-07-23","USGS-UT","USGS Utah Water Science Center","(D- 5- 1)20aba- 2","Well",40.37664507,-111.855044,7,2012,"Preliminary",2.39,0.007,NA,NA,NA,NA,NA,NA,NA,NA,NA,NA,NA,NA,NA,NA,NA,NA
"USGS-402236111511501","2009-07-30","USGS-UT","USGS Utah Water Science Center","(D- 5- 1)20aba- 1","Well",40.37617285,-111.8547663,7,2009,"Accepted",NA,0.011,NA,NA,NA,NA,NA,NA,NA,NA,NA,NA,NA,NA,NA,NA,NA,NA
"USGS-402236111511501","2015-06-22","USGS-UT","USGS Utah Water Science Center","(D- 5- 1)20aba- 1","Well",40.37617285,-111.8547663,6,2015,"Accepted",1.7,0.009,NA,NA,NA,NA,NA,NA,NA,NA,NA,NA,NA,NA,NA,NA,NA,NA
"USGS-402236111511501","2018-06-27","USGS-UT","USGS Utah Water Science Center","(D- 5- 1)20aba- 1","Well",40.37617285,-111.8547663,6,2018,"Accepted",1.76,0.009,NA,NA,NA,NA,NA,NA,NA,NA,NA,NA,NA,NA,NA,NA,NA,NA
"USGS-402236111575101","2003-06-04","USGS-UT","USGS Utah Water Science Center","(C- 5- 1)20aaa- 1","Well",40.3767555,-111.9648251,6,2003,"Accepted",0.09,NA,NA,0.094,NA,NA,0.01,NA,NA,NA,NA,NA,NA,NA,NA,NA,NA,NA
"USGS-402246111493401","2004-07-28","USGS-UT","USGS Utah Water Science Center","(D- 5- 1)15cca- 1","Well",40.37952778,-111.8261389,7,2004,"Accepted",1.56,NA,NA,1.56,1.66,NA,0.02,NA,NA,NA,NA,NA,NA,NA,NA,NA,NA,NA
"USGS-402259111525201","2000-06-14","USGS-UT","USGS Utah Water Science Center","(D- 5- 1)18cab- 2","Well",40.3835337,-111.8817115,6,2000,"Accepted",0.27,NA,NA,NA,NA,NA,NA,NA,NA,NA,NA,NA,NA,NA,NA,NA,NA,NA
"USGS-402305111481601","2004-07-20","USGS-UT","USGS Utah Water Science Center","(D- 5- 1)14bdc- 1","Well",40.3848397,-111.8050148,7,2004,"Accepted",1.65,0.005,NA,1.65,1.76,NA,0.02,NA,NA,NA,NA,NA,NA,NA,NA,NA,NA,NA
"USGS-402306111493601","2004-08-12","USGS-UT","USGS Utah Water Science Center","(D- 5- 1)15cbc-S1","Spring",40.38488889,-111.8266389,8,2004,"Accepted",1.6,NA,NA,1.6,1.62,NA,0.02,NA,0.003,NA,NA,NA,NA,NA,NA,NA,NA,NA
"USGS-402322111555201","2004-08-11","USGS-UT","USGS Utah Water Science Center","(C- 5- 1)15aba- 1","Well",40.3894722,-111.9311389,8,2004,"Accepted",2.02,0.005,NA,2.02,2.05,NA,0.01,NA,0.005,NA,NA,NA,NA,NA,NA,NA,NA,NA
"USGS-402327111512401","2004-09-08","USGS-UT","USGS Utah Water Science Center","(D- 5- 1)17abb- 1","Well",40.3908671,-111.8573775,9,2004,"Accepted",0.72,0.009,NA,0.722,0.71,NA,0.02,NA,0.01,NA,NA,NA,NA,NA,NA,NA,NA,NA
"USGS-402610111480001","2004-08-11","USGS-UT","USGS Utah Water Science Center","(D- 5- 1)26cac- 2","Well",40.3527222,-111.805111,8,2004,"Accepted",NA,0.007,NA,NA,0.06,NA,0.02,0.04,0.01,NA,NA,NA,NA,NA,NA,NA,NA,NA
"UTAHDWQ_WQX-5917630","2000-06-01","UTAHDWQ_WQX","Utah Department Of Environmental Quality","SALEM GROUNDWATER SITE #1","Spring",40.047180536,-111.674925502,6,2000,"Final",NA,NA,NA,NA,NA,NA,NA,NA,NA,NA,NA,NA,5.7,NA,NA,NA,NA,NA
"UTAHDWQ_WQX-5917630","2000-06-02","UTAHDWQ_WQX","Utah Department Of Environmental Quality","SALEM GROUNDWATER SITE #1","Spring",40.047180536,-111.674925502,6,2000,"Final",1.7,NA,NA,NA,NA,NA,NA,NA,NA,NA,NA,NA,NA,0.128,NA,NA,NA,NA
"UTAHDWQ_WQX-5917630","2000-08-02","UTAHDWQ_WQX","Utah Department Of Environmental Quality","SALEM GROUNDWATER SITE #1","Spring",40.047180536,-111.674925502,8,2000,"Final",4.8,NA,NA,NA,NA,NA,NA,NA,NA,NA,NA,NA,6.81,0.024,0.042,NA,NA,NA
"UTAHDWQ_WQX-5917630","2004-06-03","UTAHDWQ_WQX","Utah Department Of Environmental Quality","SALEM GROUNDWATER SITE #1","Spring",40.047180536,-111.674925502,6,2004,"Final",4.4,NA,NA,NA,NA,NA,NA,NA,NA,NA,NA,NA,3.12,0.027,NA,NA,NA,NA
"UTAHDWQ_WQX-5917630","2004-08-03","UTAHDWQ_WQX","Utah Department Of Environmental Quality","SALEM GROUNDWATER SITE #1","Spring",40.047180536,-111.674925502,8,2004,"Final",4.58,NA,NA,NA,NA,NA,NA,NA,NA,NA,NA,NA,8.05,NA,0.02,0.12,NA,NA
"UTAHDWQ_WQX-5917630","2006-06-08","UTAHDWQ_WQX","Utah Department Of Environmental Quality","SALEM GROUNDWATER SITE #1","Spring",40.047180536,-111.674925502,6,2006,"Final",4.14,NA,NA,NA,NA,NA,NA,NA,NA,NA,NA,NA,6.16,0.02,0.026,NA,NA,NA
"UTAHDWQ_WQX-5917630","2006-08-03","UTAHDWQ_WQX","Utah Department Of Environmental Quality","SALEM GROUNDWATER SITE #1","Spring",40.047180536,-111.674925502,8,2006,"Final",4.86,NA,NA,NA,NA,NA,NA,NA,NA,NA,NA,NA,4.74,0.025,0.023,NA,NA,NA
"UTAHDWQ_WQX-5917670","2000-06-01","UTAHDWQ_WQX","Utah Department Of Environmental Quality","SALEM GROUNDWATER SITE #5","Spring",40.049676419,-111.641585051,6,2000,"Final",NA,NA,NA,NA,NA,NA,NA,NA,NA,NA,NA,NA,7.52,NA,NA,NA,NA,NA
"UTAHDWQ_WQX-5917670","2000-06-02","UTAHDWQ_WQX","Utah Department Of Environmental Quality","SALEM GROUNDWATER SITE #5","Spring",40.049676419,-111.641585051,6,2000,"Final",2.5,NA,NA,NA,NA,NA,NA,NA,NA,NA,NA,NA,NA,0.028,NA,NA,NA,NA
"UTAHDWQ_WQX-5917670","2000-08-02","UTAHDWQ_WQX","Utah Department Of Environmental Quality","SALEM GROUNDWATER SITE #5","Spring",40.049676419,-111.641585051,8,2000,"Final",3.1,NA,NA,NA,NA,NA,NA,NA,NA,NA,NA,NA,5.93,NA,0.039,NA,NA,NA
"UTAHDWQ_WQX-5917680","2004-06-03","UTAHDWQ_WQX","Utah Department Of Environmental Quality","SALEM GROUNDWATER SITE #6","Spring",40.049953905,-111.67519905,6,2004,"Final",3.05,NA,NA,NA,NA,NA,NA,NA,NA,NA,NA,NA,6.83,NA,NA,NA,NA,NA
"UTAHDWQ_WQX-5917680","2004-08-03","UTAHDWQ_WQX","Utah Department Of Environmental Quality","SALEM GROUNDWATER SITE #6","Spring",40.049953905,-111.67519905,8,2004,"Final",3.28,NA,NA,NA,NA,NA,NA,NA,NA,NA,NA,NA,2.95,NA,NA,0.08,NA,NA
"UTAHDWQ_WQX-5917680","2006-06-08","UTAHDWQ_WQX","Utah Department Of Environmental Quality","SALEM GROUNDWATER SITE #6","Spring",40.049953905,-111.67519905,6,2006,"Final",3.17,NA,NA,NA,NA,NA,NA,NA,NA,NA,NA,NA,5.92,NA,NA,NA,NA,NA
"UTAHDWQ_WQX-5917680","2006-08-03","UTAHDWQ_WQX","Utah Department Of Environmental Quality","SALEM GROUNDWATER SITE #6","Spring",40.049953905,-111.67519905,8,2006,"Final",3.73,NA,NA,NA,NA,NA,NA,NA,NA,NA,NA,NA,6.02,NA,NA,NA,NA,NA
"UTAHDWQ_WQX-5917690","2000-08-02","UTAHDWQ_WQX","Utah Department Of Environmental Quality","SALEM GROUNDWATER SITE #7","Spring",40.050510121,-111.677150661,8,2000,"Final",2.8,NA,NA,NA,NA,NA,NA,NA,NA,NA,NA,NA,5.38,0.157,0.056,NA,NA,NA
"UTAHDWQ_WQX-5917690","2004-06-03","UTAHDWQ_WQX","Utah Department Of Environmental Quality","SALEM GROUNDWATER SITE #7","Spring",40.050510121,-111.677150661,6,2004,"Final",2.27,NA,NA,NA,NA,NA,NA,NA,NA,NA,NA,NA,6.17,NA,NA,0.05,NA,NA
"UTAHDWQ_WQX-5917690","2006-06-08","UTAHDWQ_WQX","Utah Department Of Environmental Quality","SALEM GROUNDWATER SITE #7","Spring",40.050510121,-111.677150661,6,2006,"Final",0.72,NA,NA,NA,NA,NA,NA,NA,NA,NA,NA,NA,6.96,0.021,NA,0.15,NA,NA
"UTAHDWQ_WQX-5917690","2006-08-03","UTAHDWQ_WQX","Utah Department Of Environmental Quality","SALEM GROUNDWATER SITE #7","Spring",40.050510121,-111.677150661,8,2006,"Final",0.62,NA,NA,NA,NA,NA,NA,NA,NA,NA,NA,NA,5.3,0.032,NA,0.13,NA,NA
"UTAHDWQ_WQX-5981365","2007-02-22","UTAHDWQ_WQX","Utah Department Of Environmental Quality","Brigham Creek Dairy MW-1","Well",39.932755284,-111.957959859,2,2007,"Final",NA,NA,NA,NA,NA,NA,NA,NA,NA,NA,NA,NA,NA,NA,NA,NA,0,26.9
"UTAHDWQ_WQX-5981365","2008-03-19","UTAHDWQ_WQX","Utah Department Of Environmental Quality","Brigham Creek Dairy MW-1","Well",39.932755284,-111.957959859,3,2008,"Final",NA,NA,NA,NA,NA,NA,NA,NA,NA,NA,NA,NA,NA,NA,NA,NA,0,24
"UTAHDWQ_WQX-5981365","2009-03-19","UTAHDWQ_WQX","Utah Department Of Environmental Quality","Brigham Creek Dairy MW-1","Well",39.932755284,-111.957959859,3,2009,"Accepted",NA,NA,NA,NA,NA,NA,NA,NA,NA,NA,NA,NA,NA,NA,NA,NA,NA,26.7
"UTAHDWQ_WQX-5981365","2010-09-22","UTAHDWQ_WQX","Utah Department Of Environmental Quality","Brigham Creek Dairy MW-1","Well",39.932755284,-111.957959859,9,2010,"Accepted",NA,NA,NA,NA,NA,NA,NA,NA,NA,NA,NA,NA,NA,0.048,NA,NA,NA,24.4
"UTAHDWQ_WQX-5981365","2013-03-27","UTAHDWQ_WQX","Utah Department Of Environmental Quality","Brigham Creek Dairy MW-1","Well",39.932755284,-111.957959859,3,2013,"Accepted",33,NA,NA,NA,NA,NA,37.4,NA,NA,NA,NA,NA,NA,NA,0.012,NA,NA,NA
"UTAHDWQ_WQX-5981366","2007-02-22","UTAHDWQ_WQX","Utah Department Of Environmental Quality","Brigham Creek Dairy MW-2","Well",39.932755284,-111.957959859,2,2007,"Final",NA,NA,NA,NA,NA,NA,NA,NA,NA,NA,NA,NA,NA,NA,NA,NA,0,227
"UTAHDWQ_WQX-5981366","2008-03-19","UTAHDWQ_WQX","Utah Department Of Environmental Quality","Brigham Creek Dairy MW-2","Well",39.932755284,-111.957959859,3,2008,"Final",NA,NA,NA,NA,NA,NA,NA,NA,NA,NA,NA,NA,NA,NA,NA,NA,0,222
"UTAHDWQ_WQX-5981366","2009-03-19","UTAHDWQ_WQX","Utah Department Of Environmental Quality","Brigham Creek Dairy MW-2","Well",39.932755284,-111.957959859,3,2009,"Accepted",NA,NA,NA,NA,NA,NA,NA,NA,NA,NA,NA,NA,NA,NA,NA,NA,NA,252
"UTAHDWQ_WQX-5981366","2010-09-22","UTAHDWQ_WQX","Utah Department Of Environmental Quality","Brigham Creek Dairy MW-2","Well",39.932755284,-111.957959859,9,2010,"Accepted",NA,NA,NA,NA,NA,NA,NA,NA,NA,NA,NA,NA,NA,0.052,NA,NA,NA,267
"UTAHDWQ_WQX-5981366","2013-03-27","UTAHDWQ_WQX","Utah Department Of Environmental Quality","Brigham Creek Dairy MW-2","Well",39.932755284,-111.957959859,3,2013,"Accepted",268,NA,NA,NA,NA,NA,316,NA,NA,NA,NA,NA,NA,NA,0.027,NA,NA,NA
"UTAHDWQ_WQX-5981367","2007-02-22","UTAHDWQ_WQX","Utah Department Of Environmental Quality","Brigham Creek Dairy MW-3","Well",39.932755284,-111.957959859,2,2007,"Final",NA,NA,NA,NA,NA,NA,NA,NA,NA,NA,NA,NA,NA,NA,NA,NA,0,102
"UTAHDWQ_WQX-5981367","2008-03-19","UTAHDWQ_WQX","Utah Department Of Environmental Quality","Brigham Creek Dairy MW-3","Well",39.932755284,-111.957959859,3,2008,"Final",NA,NA,NA,NA,NA,NA,NA,NA,NA,NA,NA,NA,NA,NA,NA,NA,0,86.9
"UTAHDWQ_WQX-5981367","2009-03-19","UTAHDWQ_WQX","Utah Department Of Environmental Quality","Brigham Creek Dairy MW-3","Well",39.932755284,-111.957959859,3,2009,"Accepted",NA,NA,NA,NA,NA,NA,NA,NA,NA,NA,NA,NA,NA,NA,NA,NA,NA,86.2
"UTAHDWQ_WQX-5981367","2010-09-22","UTAHDWQ_WQX","Utah Department Of Environmental Quality","Brigham Creek Dairy MW-3","Well",39.932755284,-111.957959859,9,2010,"Accepted",NA,NA,NA,NA,NA,NA,NA,NA,NA,NA,NA,NA,NA,0.048,NA,NA,NA,72.9
"UTAHDWQ_WQX-5981367","2013-03-27","UTAHDWQ_WQX","Utah Department Of Environmental Quality","Brigham Creek Dairy MW-3","Well",39.932755284,-111.957959859,3,2013,"Accepted",25,NA,NA,NA,NA,NA,25.6,NA,NA,NA,NA,NA,NA,NA,0.013,NA,NA,NA
"UTAHDWQ_WQX-5981368","2007-02-22","UTAHDWQ_WQX","Utah Department Of Environmental Quality","Brigham Creek Dairy Pond #1","Well",39.932755284,-111.957959859,2,2007,"Final",NA,NA,NA,NA,NA,NA,NA,NA,NA,NA,NA,NA,3.6,30.1,NA,302,0,0.77
"UTAHDWQ_WQX-5981368","2008-03-19","UTAHDWQ_WQX","Utah Department Of Environmental Quality","Brigham Creek Dairy Pond #1","Well",39.932755284,-111.957959859,3,2008,"Final",NA,NA,NA,NA,NA,NA,NA,NA,NA,NA,NA,NA,NA,29.8,NA,369,0,0.89
"UTAHDWQ_WQX-5981368","2009-03-19","UTAHDWQ_WQX","Utah Department Of Environmental Quality","Brigham Creek Dairy Pond #1","Well",39.932755284,-111.957959859,3,2009,"Accepted",NA,NA,NA,NA,NA,NA,NA,NA,NA,NA,NA,NA,NA,24.26,NA,506,NA,0.801
"UTAHDWQ_WQX-5981368","2010-09-22","UTAHDWQ_WQX","Utah Department Of Environmental Quality","Brigham Creek Dairy Pond #1","Well",39.932755284,-111.957959859,9,2010,"Accepted",NA,NA,NA,NA,NA,NA,NA,NA,NA,NA,NA,NA,NA,60.4,NA,421,NA,0.662
"UTAHDWQ_WQX-5983800","2008-06-11","UTAHDWQ_WQX","Utah Department Of Environmental Quality","Current Creek Power  Evap Pond","Well",39.821331423,-111.892438315,6,2008,"Final",NA,NA,NA,NA,NA,NA,NA,NA,NA,NA,NA,NA,NA,NA,NA,0.06,24,NA
"UTAHDWQ_WQX-5983800","2009-02-24","UTAHDWQ_WQX","Utah Department Of Environmental Quality","Current Creek Power  Evap Pond","Well",39.821331423,-111.892438315,2,2009,"Accepted",NA,NA,NA,NA,NA,NA,NA,NA,NA,NA,NA,NA,NA,0.026,NA,0.679,5,NA
"UTAHDWQ_WQX-5983800","2009-02-24","UTAHDWQ_WQX","Utah Department Of Environmental Quality","Current Creek Power  Evap Pond","Well",39.821331423,-111.892438315,2,2009,"Final",NA,NA,NA,NA,NA,NA,NA,NA,NA,NA,NA,NA,NA,0.026,NA,0.679,5,NA
"UTAHGS-394840111521101","2017-05-24","UTAHGS","Utah Geological Survey","C319 JUAB VALLEY USWR","Well",39.81111907,-111.86963739,5,2017,"Final",NA,NA,NA,NA,NA,NA,NA,NA,NA,NA,NA,NA,NA,NA,NA,NA,0,0.267
"UTAHGS-395717111512301","2017-05-08","UTAHGS","Utah Geological Survey","Goshen Warm Spring 1","Spring",39.954647,-111.856309,5,2017,"Final",NA,NA,NA,NA,NA,NA,NA,NA,NA,NA,NA,NA,NA,NA,NA,NA,0,0.903
"UTAHGS-3959531115425101","2017-05-08","UTAHGS","Utah Geological Survey","02 Flowing 1","Well",39.997536,-111.906802,5,2017,"Final",NA,NA,NA,NA,NA,NA,NA,NA,NA,NA,NA,NA,NA,NA,NA,NA,0,0.1
"UTAHGS-402105111472601","2017-04-10","UTAHGS","Utah Geological Survey","(D-5-1)25ccb-1","Well",40.351381,-111.791433,4,2017,"Final",NA,NA,NA,NA,NA,NA,NA,NA,NA,NA,NA,NA,NA,NA,NA,NA,NA,1.8
